{
"meta":{"test_sets":[],"test_metrics":[],"learn_metrics":[{"best_value":"Min","name":"Logloss"}],"launch_mode":"Train","parameters":"","iteration_count":1000,"learn_sets":["learn"],"name":"experiment"},
"iterations":[
{"learn":[0.6877015897],"iteration":0,"passed_time":0.08332050436,"remaining_time":83.23718386},
{"learn":[0.6821454337],"iteration":1,"passed_time":0.0954266546,"remaining_time":47.61790065},
{"learn":[0.677186983],"iteration":2,"passed_time":0.1047118028,"remaining_time":34.79922248},
{"learn":[0.6726882351],"iteration":3,"passed_time":0.1139473127,"remaining_time":28.37288087},
{"learn":[0.6673331774],"iteration":4,"passed_time":0.1191125816,"remaining_time":23.70340375},
{"learn":[0.6626866493],"iteration":5,"passed_time":0.1281474393,"remaining_time":21.22975912},
{"learn":[0.6568780438],"iteration":6,"passed_time":0.1321098686,"remaining_time":18.7407285},
{"learn":[0.6518644816],"iteration":7,"passed_time":0.135649976,"remaining_time":16.82059703},
{"learn":[0.6478197064],"iteration":8,"passed_time":0.1375806744,"remaining_time":15.14916092},
{"learn":[0.6432213038],"iteration":9,"passed_time":0.1411536774,"remaining_time":13.97421406},
{"learn":[0.6385466292],"iteration":10,"passed_time":0.1442962423,"remaining_time":12.97354396},
{"learn":[0.6343302137],"iteration":11,"passed_time":0.1482385107,"remaining_time":12.20497071},
{"learn":[0.6303239797],"iteration":12,"passed_time":0.153962755,"remaining_time":11.68932609},
{"learn":[0.6260175896],"iteration":13,"passed_time":0.1593723492,"remaining_time":11.22436688},
{"learn":[0.6218178236],"iteration":14,"passed_time":0.1630017087,"remaining_time":10.70377887},
{"learn":[0.6176374742],"iteration":15,"passed_time":0.1668851846,"remaining_time":10.26343885},
{"learn":[0.6134891768],"iteration":16,"passed_time":0.1713757406,"remaining_time":9.909550177},
{"learn":[0.609725046],"iteration":17,"passed_time":0.1744617826,"remaining_time":9.517859472},
{"learn":[0.6057955732],"iteration":18,"passed_time":0.1775851016,"remaining_time":9.168999192},
{"learn":[0.6018927785],"iteration":19,"passed_time":0.1808014789,"remaining_time":8.859272467},
{"learn":[0.5988164124],"iteration":20,"passed_time":0.1832264681,"remaining_time":8.541843443},
{"learn":[0.5952391094],"iteration":21,"passed_time":0.1868633008,"remaining_time":8.306923099},
{"learn":[0.5913662427],"iteration":22,"passed_time":0.1900395368,"remaining_time":8.07254902},
{"learn":[0.5873324124],"iteration":23,"passed_time":0.1930595475,"remaining_time":7.851088266},
{"learn":[0.5836397004],"iteration":24,"passed_time":0.1956233862,"remaining_time":7.629312062},
{"learn":[0.5805050447],"iteration":25,"passed_time":0.198204954,"remaining_time":7.425062509},
{"learn":[0.5773256361],"iteration":26,"passed_time":0.2005220135,"remaining_time":7.226219227},
{"learn":[0.5738162952],"iteration":27,"passed_time":0.2028135817,"remaining_time":7.040528621},
{"learn":[0.5709087201],"iteration":28,"passed_time":0.2054371557,"remaining_time":6.878602695},
{"learn":[0.5672447367],"iteration":29,"passed_time":0.2078022082,"remaining_time":6.718938066},
{"learn":[0.5640653286],"iteration":30,"passed_time":0.2101288531,"remaining_time":6.568221248},
{"learn":[0.560925015],"iteration":31,"passed_time":0.2124277851,"remaining_time":6.425940501},
{"learn":[0.5578346006],"iteration":32,"passed_time":0.21487355,"remaining_time":6.296446146},
{"learn":[0.5549736959],"iteration":33,"passed_time":0.2173598805,"remaining_time":6.175577782},
{"learn":[0.5519140798],"iteration":34,"passed_time":0.2201291493,"remaining_time":6.069275117},
{"learn":[0.5485167768],"iteration":35,"passed_time":0.2226431784,"remaining_time":5.961889555},
{"learn":[0.5456525718],"iteration":36,"passed_time":0.2255578487,"remaining_time":5.870600225},
{"learn":[0.5429235775],"iteration":37,"passed_time":0.2284207972,"remaining_time":5.782652813},
{"learn":[0.5400149195],"iteration":38,"passed_time":0.2311592848,"remaining_time":5.696001865},
{"learn":[0.5378238459],"iteration":39,"passed_time":0.2337456398,"remaining_time":5.609895354},
{"learn":[0.5353298563],"iteration":40,"passed_time":0.236067217,"remaining_time":5.521669783},
{"learn":[0.5325581498],"iteration":41,"passed_time":0.238470655,"remaining_time":5.439402083},
{"learn":[0.529669527],"iteration":42,"passed_time":0.2407733319,"remaining_time":5.358606479},
{"learn":[0.5270951974],"iteration":43,"passed_time":0.2430334632,"remaining_time":5.280454337},
{"learn":[0.5246642062],"iteration":44,"passed_time":0.245329618,"remaining_time":5.206439672},
{"learn":[0.5220467268],"iteration":45,"passed_time":0.2476747198,"remaining_time":5.136558319},
{"learn":[0.5194418861],"iteration":46,"passed_time":0.2499641957,"remaining_time":5.068422947},
{"learn":[0.5175314779],"iteration":47,"passed_time":0.2523771674,"remaining_time":5.005480486},
{"learn":[0.5149815524],"iteration":48,"passed_time":0.2547450799,"remaining_time":4.944134101},
{"learn":[0.5130643358],"iteration":49,"passed_time":0.2574788545,"remaining_time":4.892098236},
{"learn":[0.5103620386],"iteration":50,"passed_time":0.2601750298,"remaining_time":4.841296142},
{"learn":[0.508417635],"iteration":51,"passed_time":0.2629655604,"remaining_time":4.794064448},
{"learn":[0.5059622307],"iteration":52,"passed_time":0.2652555444,"remaining_time":4.739566048},
{"learn":[0.5037756975],"iteration":53,"passed_time":0.2675037592,"remaining_time":4.68626956},
{"learn":[0.5015117428],"iteration":54,"passed_time":0.2702099669,"remaining_time":4.642698523},
{"learn":[0.4993647416],"iteration":55,"passed_time":0.2724707231,"remaining_time":4.593077903},
{"learn":[0.4972997138],"iteration":56,"passed_time":0.2747315141,"remaining_time":4.54511961},
{"learn":[0.4954102133],"iteration":57,"passed_time":0.2769778536,"remaining_time":4.498502381},
{"learn":[0.4935849635],"iteration":58,"passed_time":0.2792425585,"remaining_time":4.453682163},
{"learn":[0.4919029235],"iteration":59,"passed_time":0.2815535434,"remaining_time":4.411005513},
{"learn":[0.489747385],"iteration":60,"passed_time":0.2838289431,"remaining_time":4.36910455},
{"learn":[0.488177747],"iteration":61,"passed_time":0.2862272232,"remaining_time":4.330340894},
{"learn":[0.4861139496],"iteration":62,"passed_time":0.2885886421,"remaining_time":4.292183454},
{"learn":[0.4843306179],"iteration":63,"passed_time":0.2908650804,"remaining_time":4.253901801},
{"learn":[0.4825095103],"iteration":64,"passed_time":0.2932791087,"remaining_time":4.218707178},
{"learn":[0.4805589836],"iteration":65,"passed_time":0.2963094456,"remaining_time":4.193227608},
{"learn":[0.4785673039],"iteration":66,"passed_time":0.2989966575,"remaining_time":4.163640021},
{"learn":[0.4768488657],"iteration":67,"passed_time":0.3016249667,"remaining_time":4.134036308},
{"learn":[0.4750017817],"iteration":68,"passed_time":0.3040685504,"remaining_time":4.102722035},
{"learn":[0.4732337574],"iteration":69,"passed_time":0.3064230877,"remaining_time":4.071049594},
{"learn":[0.4714894851],"iteration":70,"passed_time":0.309866815,"remaining_time":4.054454523},
{"learn":[0.4703231253],"iteration":71,"passed_time":0.313409968,"remaining_time":4.039506254},
{"learn":[0.4686652149],"iteration":72,"passed_time":0.3168777613,"remaining_time":4.02391349},
{"learn":[0.4673857572],"iteration":73,"passed_time":0.3199215013,"remaining_time":4.00334203},
{"learn":[0.4657785541],"iteration":74,"passed_time":0.3230640453,"remaining_time":3.984456558},
{"learn":[0.4644610244],"iteration":75,"passed_time":0.3267133447,"remaining_time":3.972146454},
{"learn":[0.4626214548],"iteration":76,"passed_time":0.3310715842,"remaining_time":3.968559379},
{"learn":[0.4612449025],"iteration":77,"passed_time":0.3339471048,"remaining_time":3.947426034},
{"learn":[0.4600421695],"iteration":78,"passed_time":0.3362789167,"remaining_time":3.920416232},
{"learn":[0.4587608486],"iteration":79,"passed_time":0.3385798155,"remaining_time":3.893667878},
{"learn":[0.457301512],"iteration":80,"passed_time":0.3422932988,"remaining_time":3.883549896},
{"learn":[0.4558898238],"iteration":81,"passed_time":0.3450083631,"remaining_time":3.862410699},
{"learn":[0.4546793619],"iteration":82,"passed_time":0.3473853142,"remaining_time":3.837979918},
{"learn":[0.4535483695],"iteration":83,"passed_time":0.3496730421,"remaining_time":3.813101269},
{"learn":[0.4522430131],"iteration":84,"passed_time":0.3520432434,"remaining_time":3.789641973},
{"learn":[0.4512270881],"iteration":85,"passed_time":0.3546635666,"remaining_time":3.769331394},
{"learn":[0.4498194353],"iteration":86,"passed_time":0.3569433421,"remaining_time":3.745853693},
{"learn":[0.4481217882],"iteration":87,"passed_time":0.3595065241,"remaining_time":3.725794886},
{"learn":[0.4466163234],"iteration":88,"passed_time":0.3618799313,"remaining_time":3.704186713},
{"learn":[0.4453846034],"iteration":89,"passed_time":0.3641708699,"remaining_time":3.682172129},
{"learn":[0.444232113],"iteration":90,"passed_time":0.366498764,"remaining_time":3.660960181},
{"learn":[0.4430064882],"iteration":91,"passed_time":0.3690565607,"remaining_time":3.642427795},
{"learn":[0.4418515856],"iteration":92,"passed_time":0.3720706659,"remaining_time":3.628689183},
{"learn":[0.4405535812],"iteration":93,"passed_time":0.3749083776,"remaining_time":3.613478618},
{"learn":[0.4391363002],"iteration":94,"passed_time":0.3779483457,"remaining_time":3.600455293},
{"learn":[0.4383592101],"iteration":95,"passed_time":0.3808516594,"remaining_time":3.586353126},
{"learn":[0.4368812389],"iteration":96,"passed_time":0.3839957423,"remaining_time":3.57472325},
{"learn":[0.4356925634],"iteration":97,"passed_time":0.3863124536,"remaining_time":3.555651359},
{"learn":[0.434489209],"iteration":98,"passed_time":0.3891119955,"remaining_time":3.541312201},
{"learn":[0.433316466],"iteration":99,"passed_time":0.3914269056,"remaining_time":3.52284215},
{"learn":[0.4320798642],"iteration":100,"passed_time":0.393746899,"remaining_time":3.50473725},
{"learn":[0.4307154785],"iteration":101,"passed_time":0.39644396,"remaining_time":3.490261531},
{"learn":[0.4295317827],"iteration":102,"passed_time":0.3993369032,"remaining_time":3.477720409},
{"learn":[0.4286511076],"iteration":103,"passed_time":0.4016208967,"remaining_time":3.460118494},
{"learn":[0.4279254316],"iteration":104,"passed_time":0.4033371615,"remaining_time":3.437969139},
{"learn":[0.4264261611],"iteration":105,"passed_time":0.4057016825,"remaining_time":3.421672681},
{"learn":[0.4252330106],"iteration":106,"passed_time":0.4079681795,"remaining_time":3.404818545},
{"learn":[0.4240017864],"iteration":107,"passed_time":0.4102648576,"remaining_time":3.388483824},
{"learn":[0.4230775742],"iteration":108,"passed_time":0.4125615928,"remaining_time":3.372407148},
{"learn":[0.4222103081],"iteration":109,"passed_time":0.4148168738,"remaining_time":3.356245616},
{"learn":[0.4215219772],"iteration":110,"passed_time":0.4171456236,"remaining_time":3.340923058},
{"learn":[0.4207808795],"iteration":111,"passed_time":0.4194450327,"remaining_time":3.325599902},
{"learn":[0.4199332973],"iteration":112,"passed_time":0.4217342372,"remaining_time":3.310427154},
{"learn":[0.4190713984],"iteration":113,"passed_time":0.4240753475,"remaining_time":3.295883841},
{"learn":[0.4181434264],"iteration":114,"passed_time":0.42639224,"remaining_time":3.281366369},
{"learn":[0.4168657326],"iteration":115,"passed_time":0.4286890401,"remaining_time":3.266906133},
{"learn":[0.4161796934],"iteration":116,"passed_time":0.431107272,"remaining_time":3.253570267},
{"learn":[0.415313342],"iteration":117,"passed_time":0.4334168304,"remaining_time":3.239607156},
{"learn":[0.4144690129],"iteration":118,"passed_time":0.4356771957,"remaining_time":3.225475709},
{"learn":[0.4137156493],"iteration":119,"passed_time":0.4382275315,"remaining_time":3.213668564},
{"learn":[0.4127878962],"iteration":120,"passed_time":0.4406879011,"remaining_time":3.201360868},
{"learn":[0.4120701849],"iteration":121,"passed_time":0.4434525113,"remaining_time":3.191404139},
{"learn":[0.4114083096],"iteration":122,"passed_time":0.445986293,"remaining_time":3.179918528},
{"learn":[0.4105118032],"iteration":123,"passed_time":0.4484040103,"remaining_time":3.167757363},
{"learn":[0.4096664622],"iteration":124,"passed_time":0.4507895318,"remaining_time":3.155526723},
{"learn":[0.4087174185],"iteration":125,"passed_time":0.4531729872,"remaining_time":3.143438022},
{"learn":[0.4080222564],"iteration":126,"passed_time":0.4555795919,"remaining_time":3.131661289},
{"learn":[0.4071409002],"iteration":127,"passed_time":0.4583751383,"remaining_time":3.12268063},
{"learn":[0.4063495814],"iteration":128,"passed_time":0.4606909473,"remaining_time":3.110556706},
{"learn":[0.4055525704],"iteration":129,"passed_time":0.4630715305,"remaining_time":3.099017166},
{"learn":[0.4047481416],"iteration":130,"passed_time":0.4654286991,"remaining_time":3.087462133},
{"learn":[0.4036004241],"iteration":131,"passed_time":0.4691442214,"remaining_time":3.084978668},
{"learn":[0.4026263887],"iteration":132,"passed_time":0.4719505054,"remaining_time":3.076549535},
{"learn":[0.401776194],"iteration":133,"passed_time":0.474715259,"remaining_time":3.067935927},
{"learn":[0.4006199092],"iteration":134,"passed_time":0.4780543552,"remaining_time":3.063089016},
{"learn":[0.3997001152],"iteration":135,"passed_time":0.4814876504,"remaining_time":3.05886272},
{"learn":[0.3989178385],"iteration":136,"passed_time":0.4845119807,"remaining_time":3.05207182},
{"learn":[0.3984674657],"iteration":137,"passed_time":0.4932351385,"remaining_time":3.080932532},
{"learn":[0.3976012851],"iteration":138,"passed_time":0.4982063143,"remaining_time":3.086011774},
{"learn":[0.3968800987],"iteration":139,"passed_time":0.5013780325,"remaining_time":3.079893628},
{"learn":[0.3958828944],"iteration":140,"passed_time":0.504531944,"remaining_time":3.073708793},
{"learn":[0.3951987288],"iteration":141,"passed_time":0.5080911413,"remaining_time":3.070015487},
{"learn":[0.3945623349],"iteration":142,"passed_time":0.5113493518,"remaining_time":3.064520241},
{"learn":[0.3939137611],"iteration":143,"passed_time":0.5145844592,"remaining_time":3.058918729},
{"learn":[0.3931322325],"iteration":144,"passed_time":0.5174620102,"remaining_time":3.051241508},
{"learn":[0.392366845],"iteration":145,"passed_time":0.5200245627,"remaining_time":3.04178751},
{"learn":[0.3916577693],"iteration":146,"passed_time":0.5228038788,"remaining_time":3.033685092},
{"learn":[0.3910144345],"iteration":147,"passed_time":0.5255361821,"remaining_time":3.025383967},
{"learn":[0.3905956026],"iteration":148,"passed_time":0.5284165024,"remaining_time":3.018002977},
{"learn":[0.3900438151],"iteration":149,"passed_time":0.5317944485,"remaining_time":3.013501875},
{"learn":[0.3894095685],"iteration":150,"passed_time":0.5390768806,"remaining_time":3.030968686},
{"learn":[0.3887006156],"iteration":151,"passed_time":0.5428435885,"remaining_time":3.02849581},
{"learn":[0.3881400444],"iteration":152,"passed_time":0.5454764626,"remaining_time":3.019729175},
{"learn":[0.3876003248],"iteration":153,"passed_time":0.5483707678,"remaining_time":3.012478374},
{"learn":[0.3867332374],"iteration":154,"passed_time":0.5514284062,"remaining_time":3.006174215},
{"learn":[0.3859785901],"iteration":155,"passed_time":0.5540631469,"remaining_time":2.997623692},
{"learn":[0.3852991961],"iteration":156,"passed_time":0.5573539127,"remaining_time":2.992671009},
{"learn":[0.3843466084],"iteration":157,"passed_time":0.5600504796,"remaining_time":2.984572809},
{"learn":[0.3835023548],"iteration":158,"passed_time":0.5630057932,"remaining_time":2.977911145},
{"learn":[0.3828879121],"iteration":159,"passed_time":0.5656328071,"remaining_time":2.969572237},
{"learn":[0.3824072555],"iteration":160,"passed_time":0.5680068992,"remaining_time":2.959986264},
{"learn":[0.3817522838],"iteration":161,"passed_time":0.5708823536,"remaining_time":2.953082792},
{"learn":[0.3813067314],"iteration":162,"passed_time":0.5736033387,"remaining_time":2.945435549},
{"learn":[0.3808155198],"iteration":163,"passed_time":0.5759809016,"remaining_time":2.936097767},
{"learn":[0.3803301845],"iteration":164,"passed_time":0.5783002498,"remaining_time":2.926549749},
{"learn":[0.3797192812],"iteration":165,"passed_time":0.5806267086,"remaining_time":2.917124548},
{"learn":[0.3793255764],"iteration":166,"passed_time":0.5830497947,"remaining_time":2.908266341},
{"learn":[0.3787680898],"iteration":167,"passed_time":0.585377192,"remaining_time":2.899010856},
{"learn":[0.3779955737],"iteration":168,"passed_time":0.5877794633,"remaining_time":2.890205526},
{"learn":[0.377496253],"iteration":169,"passed_time":0.5900629108,"remaining_time":2.880895388},
{"learn":[0.3770430726],"iteration":170,"passed_time":0.5924596277,"remaining_time":2.872216558},
{"learn":[0.3762880403],"iteration":171,"passed_time":0.5947785824,"remaining_time":2.863236432},
{"learn":[0.3757115493],"iteration":172,"passed_time":0.5970435391,"remaining_time":2.854075184},
{"learn":[0.3752741052],"iteration":173,"passed_time":0.5993124904,"remaining_time":2.845012167},
{"learn":[0.3747039167],"iteration":174,"passed_time":0.6016144689,"remaining_time":2.836182496},
{"learn":[0.3738655772],"iteration":175,"passed_time":0.6043925062,"remaining_time":2.829655824},
{"learn":[0.3733981325],"iteration":176,"passed_time":0.6067836264,"remaining_time":2.821372455},
{"learn":[0.3729709181],"iteration":177,"passed_time":0.6090839562,"remaining_time":2.812736022},
{"learn":[0.3722466033],"iteration":178,"passed_time":0.6118088433,"remaining_time":2.806117656},
{"learn":[0.3715501128],"iteration":179,"passed_time":0.6146796118,"remaining_time":2.80020712},
{"learn":[0.3708615707],"iteration":180,"passed_time":0.6169799598,"remaining_time":2.7917491},
{"learn":[0.3700961032],"iteration":181,"passed_time":0.619377857,"remaining_time":2.783797182},
{"learn":[0.369234671],"iteration":182,"passed_time":0.6216474056,"remaining_time":2.775332953},
{"learn":[0.3687105233],"iteration":183,"passed_time":0.6240801037,"remaining_time":2.76765959},
{"learn":[0.3681843894],"iteration":184,"passed_time":0.6268854914,"remaining_time":2.761684733},
{"learn":[0.3677705319],"iteration":185,"passed_time":0.6310466702,"remaining_time":2.761677363},
{"learn":[0.3674198135],"iteration":186,"passed_time":0.6335380218,"remaining_time":2.754365838},
{"learn":[0.3671348844],"iteration":187,"passed_time":0.635944139,"remaining_time":2.746737451},
{"learn":[0.3667902963],"iteration":188,"passed_time":0.638261489,"remaining_time":2.738783426},
{"learn":[0.3663317055],"iteration":189,"passed_time":0.6408399485,"remaining_time":2.732001886},
{"learn":[0.3657948009],"iteration":190,"passed_time":0.6441898301,"remaining_time":2.728531794},
{"learn":[0.3652575644],"iteration":191,"passed_time":0.6475320116,"remaining_time":2.725030549},
{"learn":[0.3650073783],"iteration":192,"passed_time":0.6503240423,"remaining_time":2.719230581},
{"learn":[0.3643070957],"iteration":193,"passed_time":0.6531093842,"remaining_time":2.713433833},
{"learn":[0.3640311916],"iteration":194,"passed_time":0.6567192939,"remaining_time":2.711071957},
{"learn":[0.3631684788],"iteration":195,"passed_time":0.6607416816,"remaining_time":2.710389347},
{"learn":[0.3626440529],"iteration":196,"passed_time":0.664584072,"remaining_time":2.708939136},
{"learn":[0.3620044312],"iteration":197,"passed_time":0.6674863418,"remaining_time":2.703656799},
{"learn":[0.3614062316],"iteration":198,"passed_time":0.6714069623,"remaining_time":2.702497371},
{"learn":[0.3608407858],"iteration":199,"passed_time":0.6744031924,"remaining_time":2.697612769},
{"learn":[0.3603033229],"iteration":200,"passed_time":0.676702784,"remaining_time":2.689977734},
{"learn":[0.3594550151],"iteration":201,"passed_time":0.6790337799,"remaining_time":2.682519586},
{"learn":[0.358979467],"iteration":202,"passed_time":0.6813444658,"remaining_time":2.675032213},
{"learn":[0.358708728],"iteration":203,"passed_time":0.6838043248,"remaining_time":2.66817766},
{"learn":[0.3582855121],"iteration":204,"passed_time":0.6861256306,"remaining_time":2.660828665},
{"learn":[0.3575924413],"iteration":205,"passed_time":0.6884754004,"remaining_time":2.653638194},
{"learn":[0.3571423751],"iteration":206,"passed_time":0.6908106649,"remaining_time":2.646438924},
{"learn":[0.3565909793],"iteration":207,"passed_time":0.6932407771,"remaining_time":2.639647574},
{"learn":[0.3558754502],"iteration":208,"passed_time":0.6962501484,"remaining_time":2.635090274},
{"learn":[0.3551883329],"iteration":209,"passed_time":0.698676097,"remaining_time":2.628352936},
{"learn":[0.3547770995],"iteration":210,"passed_time":0.7011343399,"remaining_time":2.621777224},
{"learn":[0.3542569615],"iteration":211,"passed_time":0.7035436316,"remaining_time":2.615058404},
{"learn":[0.3539862351],"iteration":212,"passed_time":0.7060890392,"remaining_time":2.608882976},
{"learn":[0.3534250549],"iteration":213,"passed_time":0.708473962,"remaining_time":2.602152029},
{"learn":[0.3532056225],"iteration":214,"passed_time":0.7114837624,"remaining_time":2.59774304},
{"learn":[0.3525633466],"iteration":215,"passed_time":0.7138272908,"remaining_time":2.590928685},
{"learn":[0.3518801866],"iteration":216,"passed_time":0.7160854101,"remaining_time":2.583847355},
{"learn":[0.3515910288],"iteration":217,"passed_time":0.7183607222,"remaining_time":2.576871948},
{"learn":[0.3512108112],"iteration":218,"passed_time":0.7206502238,"remaining_time":2.569990068},
{"learn":[0.3507129757],"iteration":219,"passed_time":0.722979994,"remaining_time":2.563292706},
{"learn":[0.3500450981],"iteration":220,"passed_time":0.7252901811,"remaining_time":2.556565842},
{"learn":[0.3497558834],"iteration":221,"passed_time":0.7281825905,"remaining_time":2.551919169},
{"learn":[0.349319994],"iteration":222,"passed_time":0.7310885808,"remaining_time":2.547335548},
{"learn":[0.3488657288],"iteration":223,"passed_time":0.7338050297,"remaining_time":2.542110281},
{"learn":[0.3483224365],"iteration":224,"passed_time":0.736375569,"remaining_time":2.536404738},
{"learn":[0.347872184],"iteration":225,"passed_time":0.7391600173,"remaining_time":2.531459528},
{"learn":[0.3474176788],"iteration":226,"passed_time":0.7414729323,"remaining_time":2.52492765},
{"learn":[0.3469743084],"iteration":227,"passed_time":0.7438877709,"remaining_time":2.518777891},
{"learn":[0.346421786],"iteration":228,"passed_time":0.7470182315,"remaining_time":2.515070116},
{"learn":[0.3459215074],"iteration":229,"passed_time":0.7493689307,"remaining_time":2.508756855},
{"learn":[0.3451387477],"iteration":230,"passed_time":0.7517909681,"remaining_time":2.502715387},
{"learn":[0.3446623454],"iteration":231,"passed_time":0.7541106291,"remaining_time":2.49636622},
{"learn":[0.3442164335],"iteration":232,"passed_time":0.7564800313,"remaining_time":2.490215382},
{"learn":[0.3436985885],"iteration":233,"passed_time":0.7588128078,"remaining_time":2.483976969},
{"learn":[0.3431764338],"iteration":234,"passed_time":0.761187601,"remaining_time":2.477908573},
{"learn":[0.3428847449],"iteration":235,"passed_time":0.7638121126,"remaining_time":2.47267989},
{"learn":[0.3421836478],"iteration":236,"passed_time":0.7670122313,"remaining_time":2.469326297},
{"learn":[0.341683288],"iteration":237,"passed_time":0.7700077485,"remaining_time":2.465318926},
{"learn":[0.3410748879],"iteration":238,"passed_time":0.772554718,"remaining_time":2.459891801},
{"learn":[0.3406378598],"iteration":239,"passed_time":0.774860159,"remaining_time":2.453723837},
{"learn":[0.3401329991],"iteration":240,"passed_time":0.7771117911,"remaining_time":2.447418462},
{"learn":[0.3397666909],"iteration":241,"passed_time":0.7794645272,"remaining_time":2.441463271},
{"learn":[0.339374572],"iteration":242,"passed_time":0.7817283293,"remaining_time":2.43526068},
{"learn":[0.3390361188],"iteration":243,"passed_time":0.7840735217,"remaining_time":2.429342551},
{"learn":[0.3388163273],"iteration":244,"passed_time":0.7863656715,"remaining_time":2.423290131},
{"learn":[0.3386318951],"iteration":245,"passed_time":0.788719676,"remaining_time":2.417457869},
{"learn":[0.3382219215],"iteration":246,"passed_time":0.7928505908,"remaining_time":2.417070829},
{"learn":[0.337757518],"iteration":247,"passed_time":0.7960969105,"remaining_time":2.413971277},
{"learn":[0.3372868889],"iteration":248,"passed_time":0.7996972077,"remaining_time":2.411938165},
{"learn":[0.3367088105],"iteration":249,"passed_time":0.8030728315,"remaining_time":2.409218495},
{"learn":[0.3362798488],"iteration":250,"passed_time":0.8071253912,"remaining_time":2.408513618},
{"learn":[0.3358308475],"iteration":251,"passed_time":0.8113820849,"remaining_time":2.408388093},
{"learn":[0.3353923979],"iteration":252,"passed_time":0.8142896284,"remaining_time":2.404246452},
{"learn":[0.3350298503],"iteration":253,"passed_time":0.8176544585,"remaining_time":2.401457583},
{"learn":[0.334561697],"iteration":254,"passed_time":0.820749801,"remaining_time":2.39787687},
{"learn":[0.3338584062],"iteration":255,"passed_time":0.8245432341,"remaining_time":2.396328774},
{"learn":[0.3335607098],"iteration":256,"passed_time":0.8281223121,"remaining_time":2.394143494},
{"learn":[0.3329648125],"iteration":257,"passed_time":0.8321714067,"remaining_time":2.393299162},
{"learn":[0.3326627657],"iteration":258,"passed_time":0.8362426341,"remaining_time":2.392493405},
{"learn":[0.3322944007],"iteration":259,"passed_time":0.8412809552,"remaining_time":2.394415026},
{"learn":[0.3318190398],"iteration":260,"passed_time":0.8449249291,"remaining_time":2.392335336},
{"learn":[0.3312536816],"iteration":261,"passed_time":0.8479671441,"remaining_time":2.388548673},
{"learn":[0.3309634416],"iteration":262,"passed_time":0.8513470387,"remaining_time":2.385713945},
{"learn":[0.3307942812],"iteration":263,"passed_time":0.8552979283,"remaining_time":2.384466952},
{"learn":[0.3304531239],"iteration":264,"passed_time":0.8590157203,"remaining_time":2.382553036},
{"learn":[0.3301956751],"iteration":265,"passed_time":0.8627048552,"remaining_time":2.38054648},
{"learn":[0.3296878333],"iteration":266,"passed_time":0.8666833419,"remaining_time":2.379321684},
{"learn":[0.3293215971],"iteration":267,"passed_time":0.8704151735,"remaining_time":2.377402638},
{"learn":[0.329119425],"iteration":268,"passed_time":0.8736422474,"remaining_time":2.374098449},
{"learn":[0.3287395362],"iteration":269,"passed_time":0.8773965421,"remaining_time":2.372220281},
{"learn":[0.3283174289],"iteration":270,"passed_time":0.8806988807,"remaining_time":2.369112487},
{"learn":[0.3280868572],"iteration":271,"passed_time":0.8847904685,"remaining_time":2.368115666},
{"learn":[0.3275181362],"iteration":272,"passed_time":0.8879484786,"remaining_time":2.364610051},
{"learn":[0.3272391407],"iteration":273,"passed_time":0.8915151147,"remaining_time":2.362189683},
{"learn":[0.3269618481],"iteration":274,"passed_time":0.8945047991,"remaining_time":2.358239925},
{"learn":[0.3267670306],"iteration":275,"passed_time":0.8978928967,"remaining_time":2.355342236},
{"learn":[0.3264764855],"iteration":276,"passed_time":0.9016346667,"remaining_time":2.35336413},
{"learn":[0.3262218424],"iteration":277,"passed_time":0.9049915348,"remaining_time":2.350373698},
{"learn":[0.3260248061],"iteration":278,"passed_time":0.9078806119,"remaining_time":2.346171761},
{"learn":[0.3256746434],"iteration":279,"passed_time":0.9108745415,"remaining_time":2.342248821},
{"learn":[0.3253431013],"iteration":280,"passed_time":0.9137416688,"remaining_time":2.338008042},
{"learn":[0.3250876397],"iteration":281,"passed_time":0.9162844425,"remaining_time":2.332951169},
{"learn":[0.3245410901],"iteration":282,"passed_time":0.9190527479,"remaining_time":2.328483464},
{"learn":[0.3240820251],"iteration":283,"passed_time":0.9220726702,"remaining_time":2.324662084},
{"learn":[0.3235704961],"iteration":284,"passed_time":0.9248636557,"remaining_time":2.320271978},
{"learn":[0.3230942165],"iteration":285,"passed_time":0.9277778773,"remaining_time":2.316200715},
{"learn":[0.3228463861],"iteration":286,"passed_time":0.9306773037,"remaining_time":2.312100758},
{"learn":[0.3223401242],"iteration":287,"passed_time":0.9331393081,"remaining_time":2.306927734},
{"learn":[0.3220914841],"iteration":288,"passed_time":0.9355680526,"remaining_time":2.301691645},
{"learn":[0.3216354452],"iteration":289,"passed_time":0.9385115556,"remaining_time":2.297735188},
{"learn":[0.3214079961],"iteration":290,"passed_time":0.9420395618,"remaining_time":2.295209791},
{"learn":[0.3210223781],"iteration":291,"passed_time":0.9458152866,"remaining_time":2.293278161},
{"learn":[0.3207251831],"iteration":292,"passed_time":0.9495603706,"remaining_time":2.291260007},
{"learn":[0.3205868693],"iteration":293,"passed_time":0.9539237748,"remaining_time":2.290714915},
{"learn":[0.3202937399],"iteration":294,"passed_time":0.9573698867,"remaining_time":2.287951763},
{"learn":[0.3199255378],"iteration":295,"passed_time":0.9611097165,"remaining_time":2.285882569},
{"learn":[0.3195900264],"iteration":296,"passed_time":0.9648524734,"remaining_time":2.283809053},
{"learn":[0.3193180825],"iteration":297,"passed_time":0.9690606803,"remaining_time":2.282820797},
{"learn":[0.3188443284],"iteration":298,"passed_time":0.9720999029,"remaining_time":2.279070341},
{"learn":[0.3185224538],"iteration":299,"passed_time":0.9753539019,"remaining_time":2.275825771},
{"learn":[0.3181511274],"iteration":300,"passed_time":0.9796581651,"remaining_time":2.275020124},
{"learn":[0.3178994036],"iteration":301,"passed_time":0.9840936086,"remaining_time":2.274494499},
{"learn":[0.3174679215],"iteration":302,"passed_time":0.987371255,"remaining_time":2.271279751},
{"learn":[0.3169930009],"iteration":303,"passed_time":0.9898865123,"remaining_time":2.26631912},
{"learn":[0.3166484221],"iteration":304,"passed_time":0.9928433469,"remaining_time":2.262380741},
{"learn":[0.3162419898],"iteration":305,"passed_time":0.9953178799,"remaining_time":2.25735493},
{"learn":[0.3159071642],"iteration":306,"passed_time":0.9977656839,"remaining_time":2.252285404},
{"learn":[0.3156005],"iteration":307,"passed_time":1.000686996,"remaining_time":2.248296758},
{"learn":[0.3148630845],"iteration":308,"passed_time":1.003256371,"remaining_time":2.243528001},
{"learn":[0.3145519844],"iteration":309,"passed_time":1.005552482,"remaining_time":2.238165201},
{"learn":[0.3142885471],"iteration":310,"passed_time":1.008841834,"remaining_time":2.235022583},
{"learn":[0.3139745611],"iteration":311,"passed_time":1.011305805,"remaining_time":2.230058954},
{"learn":[0.3137464505],"iteration":312,"passed_time":1.01405078,"remaining_time":2.22572807},
{"learn":[0.3134975933],"iteration":313,"passed_time":1.016384363,"remaining_time":2.220508514},
{"learn":[0.3129575121],"iteration":314,"passed_time":1.018819613,"remaining_time":2.215528365},
{"learn":[0.3123087258],"iteration":315,"passed_time":1.021608539,"remaining_time":2.211329876},
{"learn":[0.3119022583],"iteration":316,"passed_time":1.023933286,"remaining_time":2.20614017},
{"learn":[0.311591716],"iteration":317,"passed_time":1.026387851,"remaining_time":2.201246901},
{"learn":[0.3114035441],"iteration":318,"passed_time":1.029138172,"remaining_time":2.197000297},
{"learn":[0.3109032478],"iteration":319,"passed_time":1.032005324,"remaining_time":2.193011313},
{"learn":[0.3104522563],"iteration":320,"passed_time":1.034832264,"remaining_time":2.18894426},
{"learn":[0.3101862482],"iteration":321,"passed_time":1.037157579,"remaining_time":2.18382869},
{"learn":[0.3101374681],"iteration":322,"passed_time":1.038570414,"remaining_time":2.176817864},
{"learn":[0.3099185569],"iteration":323,"passed_time":1.04131122,"remaining_time":2.172612299},
{"learn":[0.3094696641],"iteration":324,"passed_time":1.044139577,"remaining_time":2.168597583},
{"learn":[0.309117047],"iteration":325,"passed_time":1.046847442,"remaining_time":2.164341031},
{"learn":[0.3088128307],"iteration":326,"passed_time":1.049562527,"remaining_time":2.16010881},
{"learn":[0.3085949054],"iteration":327,"passed_time":1.052074405,"remaining_time":2.155469512},
{"learn":[0.3083086879],"iteration":328,"passed_time":1.054593159,"remaining_time":2.150857171},
{"learn":[0.3080157897],"iteration":329,"passed_time":1.05688032,"remaining_time":2.145787316},
{"learn":[0.3074537465],"iteration":330,"passed_time":1.059239499,"remaining_time":2.140879834},
{"learn":[0.3072004394],"iteration":331,"passed_time":1.061982931,"remaining_time":2.136760837},
{"learn":[0.3066445461],"iteration":332,"passed_time":1.064859024,"remaining_time":2.132915823},
{"learn":[0.3063336473],"iteration":333,"passed_time":1.067176229,"remaining_time":2.12796218},
{"learn":[0.3060693913],"iteration":334,"passed_time":1.069702604,"remaining_time":2.123439497},
{"learn":[0.3057250247],"iteration":335,"passed_time":1.072029317,"remaining_time":2.118534127},
{"learn":[0.3055824724],"iteration":336,"passed_time":1.074331472,"remaining_time":2.113595744},
{"learn":[0.3050675046],"iteration":337,"passed_time":1.076701118,"remaining_time":2.108805149},
{"learn":[0.3048111586],"iteration":338,"passed_time":1.080092558,"remaining_time":2.106021183},
{"learn":[0.3044391869],"iteration":339,"passed_time":1.082435656,"remaining_time":2.101198627},
{"learn":[0.3042584095],"iteration":340,"passed_time":1.085206217,"remaining_time":2.097216707},
{"learn":[0.3037803799],"iteration":341,"passed_time":1.087972345,"remaining_time":2.093233343},
{"learn":[0.3035478728],"iteration":342,"passed_time":1.090662103,"remaining_time":2.089110792},
{"learn":[0.3033179732],"iteration":343,"passed_time":1.093135354,"remaining_time":2.084583698},
{"learn":[0.3030622338],"iteration":344,"passed_time":1.095426211,"remaining_time":2.079722226},
{"learn":[0.3027743616],"iteration":345,"passed_time":1.097874418,"remaining_time":2.075173033},
{"learn":[0.3025393324],"iteration":346,"passed_time":1.100227139,"remaining_time":2.070456258},
{"learn":[0.3022809757],"iteration":347,"passed_time":1.102507865,"remaining_time":2.065618183},
{"learn":[0.3021937837],"iteration":348,"passed_time":1.104756131,"remaining_time":2.060734216},
{"learn":[0.3018407361],"iteration":349,"passed_time":1.10849628,"remaining_time":2.058635948},
{"learn":[0.3011591588],"iteration":350,"passed_time":1.111012497,"remaining_time":2.054265271},
{"learn":[0.3009250525],"iteration":351,"passed_time":1.113341991,"remaining_time":2.049561392},
{"learn":[0.3007792459],"iteration":352,"passed_time":1.115767116,"remaining_time":2.045046244},
{"learn":[0.3001598143],"iteration":353,"passed_time":1.11845307,"remaining_time":2.041018879},
{"learn":[0.2999090891],"iteration":354,"passed_time":1.121860373,"remaining_time":2.038309691},
{"learn":[0.2995185056],"iteration":355,"passed_time":1.125083766,"remaining_time":2.035263892},
{"learn":[0.2992632052],"iteration":356,"passed_time":1.128363981,"remaining_time":2.032319438},
{"learn":[0.2986905026],"iteration":357,"passed_time":1.131147264,"remaining_time":2.028481965},
{"learn":[0.2983116333],"iteration":358,"passed_time":1.134215282,"remaining_time":2.025158763},
{"learn":[0.2979777703],"iteration":359,"passed_time":1.138081423,"remaining_time":2.023255864},
{"learn":[0.2977103671],"iteration":360,"passed_time":1.140441469,"remaining_time":2.018676174},
{"learn":[0.2974962302],"iteration":361,"passed_time":1.142740149,"remaining_time":2.014000594},
{"learn":[0.2972758264],"iteration":362,"passed_time":1.145050424,"remaining_time":2.009358457},
{"learn":[0.2970717226],"iteration":363,"passed_time":1.147333852,"remaining_time":2.004682225},
{"learn":[0.2964677951],"iteration":364,"passed_time":1.150716056,"remaining_time":2.001930673},
{"learn":[0.2963015691],"iteration":365,"passed_time":1.153062313,"remaining_time":1.997381165},
{"learn":[0.2958304021],"iteration":366,"passed_time":1.156136882,"remaining_time":1.994099854},
{"learn":[0.2954789578],"iteration":367,"passed_time":1.158964547,"remaining_time":1.990395635},
{"learn":[0.2950952246],"iteration":368,"passed_time":1.161278574,"remaining_time":1.985817832},
{"learn":[0.2948253281],"iteration":369,"passed_time":1.164014063,"remaining_time":1.981969891},
{"learn":[0.2946869129],"iteration":370,"passed_time":1.166526439,"remaining_time":1.977749678},
{"learn":[0.2943990395],"iteration":371,"passed_time":1.168842587,"remaining_time":1.973207378},
{"learn":[0.2941441682],"iteration":372,"passed_time":1.17162654,"remaining_time":1.969463379},
{"learn":[0.2939596312],"iteration":373,"passed_time":1.174188919,"remaining_time":1.965353645},
{"learn":[0.2937846745],"iteration":374,"passed_time":1.176521817,"remaining_time":1.960869695},
{"learn":[0.2932641651],"iteration":375,"passed_time":1.178931595,"remaining_time":1.956524775},
{"learn":[0.2929304709],"iteration":376,"passed_time":1.181270014,"remaining_time":1.952072199},
{"learn":[0.2926363843],"iteration":377,"passed_time":1.183635828,"remaining_time":1.947675887},
{"learn":[0.2923711534],"iteration":378,"passed_time":1.186150492,"remaining_time":1.943534184},
{"learn":[0.2920301234],"iteration":379,"passed_time":1.189209834,"remaining_time":1.940289728},
{"learn":[0.2917255992],"iteration":380,"passed_time":1.191658697,"remaining_time":1.936054418},
{"learn":[0.2914466302],"iteration":381,"passed_time":1.193950841,"remaining_time":1.931574921},
{"learn":[0.2909122517],"iteration":382,"passed_time":1.19629702,"remaining_time":1.927193894},
{"learn":[0.2907441294],"iteration":383,"passed_time":1.198535388,"remaining_time":1.922650518},
{"learn":[0.2903705126],"iteration":384,"passed_time":1.201243956,"remaining_time":1.918870215},
{"learn":[0.2901336535],"iteration":385,"passed_time":1.203768384,"remaining_time":1.914802559},
{"learn":[0.2898952746],"iteration":386,"passed_time":1.206067078,"remaining_time":1.91038532},
{"learn":[0.2895532978],"iteration":387,"passed_time":1.208423997,"remaining_time":1.906070841},
{"learn":[0.2892279288],"iteration":388,"passed_time":1.210720921,"remaining_time":1.901672192},
{"learn":[0.2889842541],"iteration":389,"passed_time":1.213279826,"remaining_time":1.897694086},
{"learn":[0.288642911],"iteration":390,"passed_time":1.215573705,"remaining_time":1.893310451},
{"learn":[0.2883363967],"iteration":391,"passed_time":1.218069288,"remaining_time":1.889250325},
{"learn":[0.2881548079],"iteration":392,"passed_time":1.220424718,"remaining_time":1.884981689},
{"learn":[0.288056032],"iteration":393,"passed_time":1.222714205,"remaining_time":1.880621341},
{"learn":[0.2877584238],"iteration":394,"passed_time":1.2250479,"remaining_time":1.876339188},
{"learn":[0.2872337264],"iteration":395,"passed_time":1.227449936,"remaining_time":1.872171115},
{"learn":[0.2868683067],"iteration":396,"passed_time":1.229831127,"remaining_time":1.867980276},
{"learn":[0.2864117589],"iteration":397,"passed_time":1.23286248,"remaining_time":1.864781942},
{"learn":[0.2860130438],"iteration":398,"passed_time":1.235972451,"remaining_time":1.861702865},
{"learn":[0.2857315658],"iteration":399,"passed_time":1.239164561,"remaining_time":1.858746842},
{"learn":[0.2853201418],"iteration":400,"passed_time":1.242696079,"remaining_time":1.856296637},
{"learn":[0.2850870095],"iteration":401,"passed_time":1.245024205,"remaining_time":1.852050931},
{"learn":[0.2848865522],"iteration":402,"passed_time":1.247366693,"remaining_time":1.847836019},
{"learn":[0.28445875],"iteration":403,"passed_time":1.249828334,"remaining_time":1.843806156},
{"learn":[0.2840991983],"iteration":404,"passed_time":1.252212945,"remaining_time":1.83967087},
{"learn":[0.2838384172],"iteration":405,"passed_time":1.254580729,"remaining_time":1.835519589},
{"learn":[0.2835990376],"iteration":406,"passed_time":1.257777926,"remaining_time":1.832585528},
{"learn":[0.283385461],"iteration":407,"passed_time":1.260787889,"remaining_time":1.829378506},
{"learn":[0.2832018576],"iteration":408,"passed_time":1.263478912,"remaining_time":1.825711582},
{"learn":[0.2829366093],"iteration":409,"passed_time":1.265893676,"remaining_time":1.821651875},
{"learn":[0.2828270009],"iteration":410,"passed_time":1.269657622,"remaining_time":1.819533672},
{"learn":[0.2823895175],"iteration":411,"passed_time":1.272437781,"remaining_time":1.816003435},
{"learn":[0.2821826202],"iteration":412,"passed_time":1.275273675,"remaining_time":1.812556046},
{"learn":[0.2819025768],"iteration":413,"passed_time":1.278775474,"remaining_time":1.810054174},
{"learn":[0.2816873674],"iteration":414,"passed_time":1.283137759,"remaining_time":1.808760455},
{"learn":[0.2815178082],"iteration":415,"passed_time":1.2854337,"remaining_time":1.804551156},
{"learn":[0.281257013],"iteration":416,"passed_time":1.287835969,"remaining_time":1.800499689},
{"learn":[0.2809321871],"iteration":417,"passed_time":1.290093458,"remaining_time":1.796254527},
{"learn":[0.2807064476],"iteration":418,"passed_time":1.293386928,"remaining_time":1.793455383},
{"learn":[0.2804004806],"iteration":419,"passed_time":1.295794693,"remaining_time":1.789430766},
{"learn":[0.2801581083],"iteration":420,"passed_time":1.298131732,"remaining_time":1.785316562},
{"learn":[0.2798351201],"iteration":421,"passed_time":1.301248717,"remaining_time":1.782279049},
{"learn":[0.2793170493],"iteration":422,"passed_time":1.303567312,"remaining_time":1.778152101},
{"learn":[0.278960771],"iteration":423,"passed_time":1.306406667,"remaining_time":1.774741132},
{"learn":[0.2785996894],"iteration":424,"passed_time":1.309012271,"remaining_time":1.771016603},
{"learn":[0.2783592298],"iteration":425,"passed_time":1.311543264,"remaining_time":1.767196793},
{"learn":[0.2779326175],"iteration":426,"passed_time":1.31510418,"remaining_time":1.764765094},
{"learn":[0.277787707],"iteration":427,"passed_time":1.318431222,"remaining_time":1.762015559},
{"learn":[0.2775313485],"iteration":428,"passed_time":1.320989751,"remaining_time":1.758240437},
{"learn":[0.2772286778],"iteration":429,"passed_time":1.323430724,"remaining_time":1.754315145},
{"learn":[0.2769530638],"iteration":430,"passed_time":1.325803979,"remaining_time":1.750307342},
{"learn":[0.2766203036],"iteration":431,"passed_time":1.328236209,"remaining_time":1.746384646},
{"learn":[0.2762666506],"iteration":432,"passed_time":1.330515132,"remaining_time":1.742268082},
{"learn":[0.275965611],"iteration":433,"passed_time":1.332795122,"remaining_time":1.73816138},
{"learn":[0.2758227394],"iteration":434,"passed_time":1.335201803,"remaining_time":1.734227629},
{"learn":[0.2754316284],"iteration":435,"passed_time":1.337521406,"remaining_time":1.730188241},
{"learn":[0.2752685447],"iteration":436,"passed_time":1.339804011,"remaining_time":1.726109058},
{"learn":[0.2748097324],"iteration":437,"passed_time":1.342059035,"remaining_time":1.722002689},
{"learn":[0.2745132534],"iteration":438,"passed_time":1.344374636,"remaining_time":1.717982165},
{"learn":[0.2741015922],"iteration":439,"passed_time":1.34668438,"remaining_time":1.713961939},
{"learn":[0.273718414],"iteration":440,"passed_time":1.349356573,"remaining_time":1.710408899},
{"learn":[0.273415836],"iteration":441,"passed_time":1.351727783,"remaining_time":1.706479871},
{"learn":[0.273222691],"iteration":442,"passed_time":1.355059936,"remaining_time":1.703766104},
{"learn":[0.2728018815],"iteration":443,"passed_time":1.357806421,"remaining_time":1.700316149},
{"learn":[0.2725409905],"iteration":444,"passed_time":1.360746521,"remaining_time":1.697110829},
{"learn":[0.272266562],"iteration":445,"passed_time":1.363632266,"remaining_time":1.693839182},
{"learn":[0.2720004547],"iteration":446,"passed_time":1.366622586,"remaining_time":1.690698636},
{"learn":[0.2716558276],"iteration":447,"passed_time":1.369763709,"remaining_time":1.68774457},
{"learn":[0.2714905439],"iteration":448,"passed_time":1.372670932,"remaining_time":1.684502636},
{"learn":[0.2713557441],"iteration":449,"passed_time":1.374964813,"remaining_time":1.680512549},
{"learn":[0.2711570948],"iteration":450,"passed_time":1.377254113,"remaining_time":1.676524408},
{"learn":[0.2709568153],"iteration":451,"passed_time":1.37958785,"remaining_time":1.672597659},
{"learn":[0.2707638981],"iteration":452,"passed_time":1.381960563,"remaining_time":1.668725007},
{"learn":[0.2705097201],"iteration":453,"passed_time":1.384257236,"remaining_time":1.664767513},
{"learn":[0.270125103],"iteration":454,"passed_time":1.386708441,"remaining_time":1.661002418},
{"learn":[0.2698887663],"iteration":455,"passed_time":1.388985514,"remaining_time":1.65703535},
{"learn":[0.2694483726],"iteration":456,"passed_time":1.391695402,"remaining_time":1.653589942},
{"learn":[0.2692196853],"iteration":457,"passed_time":1.394376948,"remaining_time":1.650114205},
{"learn":[0.2690580175],"iteration":458,"passed_time":1.396731961,"remaining_time":1.646257061},
{"learn":[0.2686863341],"iteration":459,"passed_time":1.399462275,"remaining_time":1.642847019},
{"learn":[0.2683568539],"iteration":460,"passed_time":1.40219947,"remaining_time":1.639447971},
{"learn":[0.2680916179],"iteration":461,"passed_time":1.404718173,"remaining_time":1.635797352},
{"learn":[0.2679029526],"iteration":462,"passed_time":1.407050544,"remaining_time":1.631935513},
{"learn":[0.2677408808],"iteration":463,"passed_time":1.409448152,"remaining_time":1.628155624},
{"learn":[0.267459508],"iteration":464,"passed_time":1.41228263,"remaining_time":1.624884316},
{"learn":[0.2669766309],"iteration":465,"passed_time":1.41514543,"remaining_time":1.621647339},
{"learn":[0.2666927047],"iteration":466,"passed_time":1.418054599,"remaining_time":1.618464885},
{"learn":[0.2663822822],"iteration":467,"passed_time":1.420519664,"remaining_time":1.614778763},
{"learn":[0.2662039734],"iteration":468,"passed_time":1.422844552,"remaining_time":1.61093914},
{"learn":[0.2659283831],"iteration":469,"passed_time":1.42555438,"remaining_time":1.607540046},
{"learn":[0.2656390043],"iteration":470,"passed_time":1.429296786,"remaining_time":1.605303609},
{"learn":[0.2654820191],"iteration":471,"passed_time":1.432616602,"remaining_time":1.602588063},
{"learn":[0.2652706814],"iteration":472,"passed_time":1.436167341,"remaining_time":1.600127249},
{"learn":[0.2650836223],"iteration":473,"passed_time":1.439232869,"remaining_time":1.597123395},
{"learn":[0.2648699193],"iteration":474,"passed_time":1.441897949,"remaining_time":1.59367668},
{"learn":[0.2646241151],"iteration":475,"passed_time":1.451713245,"remaining_time":1.598104496},
{"learn":[0.2642371959],"iteration":476,"passed_time":1.454075469,"remaining_time":1.594300777},
{"learn":[0.2639605773],"iteration":477,"passed_time":1.456354515,"remaining_time":1.590412253},
{"learn":[0.2636462469],"iteration":478,"passed_time":1.458650066,"remaining_time":1.586548402},
{"learn":[0.263339652],"iteration":479,"passed_time":1.460922929,"remaining_time":1.582666507},
{"learn":[0.2630739602],"iteration":480,"passed_time":1.464767948,"remaining_time":1.580487661},
{"learn":[0.2629011076],"iteration":481,"passed_time":1.467089075,"remaining_time":1.576664193},
{"learn":[0.2624829058],"iteration":482,"passed_time":1.469479345,"remaining_time":1.572920955},
{"learn":[0.2622411824],"iteration":483,"passed_time":1.471812758,"remaining_time":1.569122692},
{"learn":[0.2619851004],"iteration":484,"passed_time":1.47424747,"remaining_time":1.565438036},
{"learn":[0.2616931995],"iteration":485,"passed_time":1.477956743,"remaining_time":1.563106515},
{"learn":[0.2614833083],"iteration":486,"passed_time":1.480353176,"remaining_time":1.559386405},
{"learn":[0.2612111705],"iteration":487,"passed_time":1.482914197,"remaining_time":1.555844404},
{"learn":[0.2611256529],"iteration":488,"passed_time":1.485277632,"remaining_time":1.552099939},
{"learn":[0.2607728677],"iteration":489,"passed_time":1.48759783,"remaining_time":1.548316109},
{"learn":[0.2604389916],"iteration":490,"passed_time":1.48985139,"remaining_time":1.54446916},
{"learn":[0.2601733457],"iteration":491,"passed_time":1.492235438,"remaining_time":1.54076342},
{"learn":[0.2598244652],"iteration":492,"passed_time":1.494557203,"remaining_time":1.53699899},
{"learn":[0.2595887085],"iteration":493,"passed_time":1.496872416,"remaining_time":1.533233689},
{"learn":[0.2591676169],"iteration":494,"passed_time":1.499243334,"remaining_time":1.529531078},
{"learn":[0.2589107294],"iteration":495,"passed_time":1.501596561,"remaining_time":1.525815861},
{"learn":[0.2586460946],"iteration":496,"passed_time":1.504090922,"remaining_time":1.522248961},
{"learn":[0.2582754325],"iteration":497,"passed_time":1.506472679,"remaining_time":1.518572862},
{"learn":[0.258115328],"iteration":498,"passed_time":1.508958386,"remaining_time":1.515006316},
{"learn":[0.2578486956],"iteration":499,"passed_time":1.511221567,"remaining_time":1.511221567},
{"learn":[0.2574558745],"iteration":500,"passed_time":1.513948881,"remaining_time":1.507905173},
{"learn":[0.2571977496],"iteration":501,"passed_time":1.517148355,"remaining_time":1.505059524},
{"learn":[0.2568495934],"iteration":502,"passed_time":1.519589389,"remaining_time":1.501463074},
{"learn":[0.2566214693],"iteration":503,"passed_time":1.522221264,"remaining_time":1.498059022},
{"learn":[0.2564598594],"iteration":504,"passed_time":1.52543898,"remaining_time":1.495232267},
{"learn":[0.2562102628],"iteration":505,"passed_time":1.527859042,"remaining_time":1.491625231},
{"learn":[0.2559623246],"iteration":506,"passed_time":1.530604346,"remaining_time":1.488339137},
{"learn":[0.2557286699],"iteration":507,"passed_time":1.532935232,"remaining_time":1.484653807},
{"learn":[0.2554696011],"iteration":508,"passed_time":1.535590998,"remaining_time":1.481287191},
{"learn":[0.2553781669],"iteration":509,"passed_time":1.537860127,"remaining_time":1.477551887},
{"learn":[0.2551012613],"iteration":510,"passed_time":1.540463139,"remaining_time":1.47414183},
{"learn":[0.2548514844],"iteration":511,"passed_time":1.542856279,"remaining_time":1.470534891},
{"learn":[0.2543267763],"iteration":512,"passed_time":1.54513265,"remaining_time":1.466821834},
{"learn":[0.2540790548],"iteration":513,"passed_time":1.547485019,"remaining_time":1.463186224},
{"learn":[0.2537274811],"iteration":514,"passed_time":1.550378555,"remaining_time":1.460065241},
{"learn":[0.253514733],"iteration":515,"passed_time":1.55285994,"remaining_time":1.456558549},
{"learn":[0.2533634964],"iteration":516,"passed_time":1.555293039,"remaining_time":1.453010711},
{"learn":[0.253038358],"iteration":517,"passed_time":1.557613976,"remaining_time":1.449362812},
{"learn":[0.2528341873],"iteration":518,"passed_time":1.559900249,"remaining_time":1.445687899},
{"learn":[0.2524157722],"iteration":519,"passed_time":1.562938692,"remaining_time":1.442712639},
{"learn":[0.2521625956],"iteration":520,"passed_time":1.565493865,"remaining_time":1.439292824},
{"learn":[0.2519306605],"iteration":521,"passed_time":1.568242614,"remaining_time":1.436053581},
{"learn":[0.2516981541],"iteration":522,"passed_time":1.570629608,"remaining_time":1.432486277},
{"learn":[0.2514809587],"iteration":523,"passed_time":1.573164557,"remaining_time":1.42905788},
{"learn":[0.2511741708],"iteration":524,"passed_time":1.575612303,"remaining_time":1.425553989},
{"learn":[0.250736402],"iteration":525,"passed_time":1.578077578,"remaining_time":1.422069908},
{"learn":[0.2504691666],"iteration":526,"passed_time":1.580452431,"remaining_time":1.418508539},
{"learn":[0.2502414786],"iteration":527,"passed_time":1.582702488,"remaining_time":1.414840103},
{"learn":[0.2500623532],"iteration":528,"passed_time":1.58564085,"remaining_time":1.411789868},
{"learn":[0.2497916385],"iteration":529,"passed_time":1.590185328,"remaining_time":1.410164347},
{"learn":[0.2495819855],"iteration":530,"passed_time":1.593789816,"remaining_time":1.407697596},
{"learn":[0.2493284727],"iteration":531,"passed_time":1.598314829,"remaining_time":1.406036354},
{"learn":[0.2489360248],"iteration":532,"passed_time":1.60182244,"remaining_time":1.403472944},
{"learn":[0.248787788],"iteration":533,"passed_time":1.606283388,"remaining_time":1.401737938},
{"learn":[0.2486069612],"iteration":534,"passed_time":1.609440445,"remaining_time":1.398859452},
{"learn":[0.2482908812],"iteration":535,"passed_time":1.614501931,"remaining_time":1.397628538},
{"learn":[0.2480637613],"iteration":536,"passed_time":1.616972887,"remaining_time":1.394149808},
{"learn":[0.2478234529],"iteration":537,"passed_time":1.620474116,"remaining_time":1.391559557},
{"learn":[0.2477185301],"iteration":538,"passed_time":1.623275471,"remaining_time":1.388367332},
{"learn":[0.2474484999],"iteration":539,"passed_time":1.62619006,"remaining_time":1.385273014},
{"learn":[0.2471774564],"iteration":540,"passed_time":1.630281268,"remaining_time":1.383177638},
{"learn":[0.2468878167],"iteration":541,"passed_time":1.633068467,"remaining_time":1.379972985},
{"learn":[0.2467217649],"iteration":542,"passed_time":1.635601338,"remaining_time":1.376555823},
{"learn":[0.2466783762],"iteration":543,"passed_time":1.638193137,"remaining_time":1.373191306},
{"learn":[0.2464096544],"iteration":544,"passed_time":1.640695861,"remaining_time":1.36975526},
{"learn":[0.2461784568],"iteration":545,"passed_time":1.643009225,"remaining_time":1.366165179},
{"learn":[0.245984735],"iteration":546,"passed_time":1.645332037,"remaining_time":1.362587592},
{"learn":[0.2458208701],"iteration":547,"passed_time":1.648204177,"remaining_time":1.359467679},
{"learn":[0.2455186148],"iteration":548,"passed_time":1.650683892,"remaining_time":1.356026294},
{"learn":[0.2451330134],"iteration":549,"passed_time":1.653238426,"remaining_time":1.352649621},
{"learn":[0.2449105181],"iteration":550,"passed_time":1.656276016,"remaining_time":1.349669566},
{"learn":[0.2446423654],"iteration":551,"passed_time":1.658619305,"remaining_time":1.346125813},
{"learn":[0.2445153903],"iteration":552,"passed_time":1.661287556,"remaining_time":1.342849073},
{"learn":[0.2441829975],"iteration":553,"passed_time":1.66377472,"remaining_time":1.339428746},
{"learn":[0.243905168],"iteration":554,"passed_time":1.666642925,"remaining_time":1.3363173},
{"learn":[0.2435681433],"iteration":555,"passed_time":1.669040202,"remaining_time":1.332830665},
{"learn":[0.2433970692],"iteration":556,"passed_time":1.67164616,"remaining_time":1.329513912},
{"learn":[0.2432353411],"iteration":557,"passed_time":1.673911004,"remaining_time":1.325929505},
{"learn":[0.2430536787],"iteration":558,"passed_time":1.676899678,"remaining_time":1.322920855},
{"learn":[0.2428387391],"iteration":559,"passed_time":1.679745555,"remaining_time":1.319800079},
{"learn":[0.2426420564],"iteration":560,"passed_time":1.682124124,"remaining_time":1.3163146},
{"learn":[0.2424410022],"iteration":561,"passed_time":1.685048515,"remaining_time":1.313258452},
{"learn":[0.2422338878],"iteration":562,"passed_time":1.688354019,"remaining_time":1.31049859},
{"learn":[0.2420405269],"iteration":563,"passed_time":1.691916449,"remaining_time":1.307935411},
{"learn":[0.2418160384],"iteration":564,"passed_time":1.694853612,"remaining_time":1.304887294},
{"learn":[0.2415242777],"iteration":565,"passed_time":1.697309756,"remaining_time":1.301470732},
{"learn":[0.241263418],"iteration":566,"passed_time":1.699865246,"remaining_time":1.298133424},
{"learn":[0.2411211097],"iteration":567,"passed_time":1.702685829,"remaining_time":1.29500049},
{"learn":[0.2407954612],"iteration":568,"passed_time":1.705886165,"remaining_time":1.292156304},
{"learn":[0.2406009093],"iteration":569,"passed_time":1.708364973,"remaining_time":1.288766558},
{"learn":[0.2404301083],"iteration":570,"passed_time":1.710844639,"remaining_time":1.285380648},
{"learn":[0.2403341416],"iteration":571,"passed_time":1.713180992,"remaining_time":1.281890673},
{"learn":[0.2401592712],"iteration":572,"passed_time":1.715601198,"remaining_time":1.27846721},
{"learn":[0.2399807673],"iteration":573,"passed_time":1.718490924,"remaining_time":1.275395703},
{"learn":[0.2398651733],"iteration":574,"passed_time":1.721666314,"remaining_time":1.272535971},
{"learn":[0.2395615623],"iteration":575,"passed_time":1.724958742,"remaining_time":1.269761296},
{"learn":[0.2393898705],"iteration":576,"passed_time":1.728970624,"remaining_time":1.26751226},
{"learn":[0.2391870248],"iteration":577,"passed_time":1.731514861,"remaining_time":1.264185591},
{"learn":[0.2388432544],"iteration":578,"passed_time":1.734927275,"remaining_time":1.261492889},
{"learn":[0.2386554641],"iteration":579,"passed_time":1.738440996,"remaining_time":1.258871066},
{"learn":[0.2385538763],"iteration":580,"passed_time":1.741465943,"remaining_time":1.255893683},
{"learn":[0.2383368626],"iteration":581,"passed_time":1.743877726,"remaining_time":1.252475755},
{"learn":[0.2381835358],"iteration":582,"passed_time":1.748527952,"remaining_time":1.25066236},
{"learn":[0.2379698658],"iteration":583,"passed_time":1.752549977,"remaining_time":1.248391764},
{"learn":[0.2377359377],"iteration":584,"passed_time":1.755104508,"remaining_time":1.245074138},
{"learn":[0.2375484289],"iteration":585,"passed_time":1.75755229,"remaining_time":1.2416837},
{"learn":[0.2372387327],"iteration":586,"passed_time":1.75996062,"remaining_time":1.238268715},
{"learn":[0.2371615813],"iteration":587,"passed_time":1.762884313,"remaining_time":1.23521826},
{"learn":[0.23692674],"iteration":588,"passed_time":1.765613248,"remaining_time":1.232032334},
{"learn":[0.2365977772],"iteration":589,"passed_time":1.768929823,"remaining_time":1.229256318},
{"learn":[0.2364371818],"iteration":590,"passed_time":1.772780767,"remaining_time":1.22684828},
{"learn":[0.2362207788],"iteration":591,"passed_time":1.776062846,"remaining_time":1.224043313},
{"learn":[0.2359349997],"iteration":592,"passed_time":1.778407644,"remaining_time":1.220593442},
{"learn":[0.2356024768],"iteration":593,"passed_time":1.780646258,"remaining_time":1.217074715},
{"learn":[0.2354374932],"iteration":594,"passed_time":1.78291759,"remaining_time":1.213582561},
{"learn":[0.2351857994],"iteration":595,"passed_time":1.785651041,"remaining_time":1.210407752},
{"learn":[0.2349767031],"iteration":596,"passed_time":1.787960126,"remaining_time":1.206947958},
{"learn":[0.2347677959],"iteration":597,"passed_time":1.790713329,"remaining_time":1.203790566},
{"learn":[0.2345143932],"iteration":598,"passed_time":1.793138542,"remaining_time":1.20041495},
{"learn":[0.234375443],"iteration":599,"passed_time":1.795452671,"remaining_time":1.196968448},
{"learn":[0.2341915866],"iteration":600,"passed_time":1.797732458,"remaining_time":1.193502913},
{"learn":[0.233992767],"iteration":601,"passed_time":1.800702773,"remaining_time":1.190497846},
{"learn":[0.2338867055],"iteration":602,"passed_time":1.804100705,"remaining_time":1.187774428},
{"learn":[0.2335090711],"iteration":603,"passed_time":1.807284597,"remaining_time":1.184908445},
{"learn":[0.2333368508],"iteration":604,"passed_time":1.810248145,"remaining_time":1.181897549},
{"learn":[0.233047967],"iteration":605,"passed_time":1.812646697,"remaining_time":1.17851947},
{"learn":[0.2327176051],"iteration":606,"passed_time":1.815114388,"remaining_time":1.175189381},
{"learn":[0.2324900178],"iteration":607,"passed_time":1.817564062,"remaining_time":1.171850514},
{"learn":[0.2321840811],"iteration":608,"passed_time":1.819889557,"remaining_time":1.168434839},
{"learn":[0.2319359789],"iteration":609,"passed_time":1.822192553,"remaining_time":1.165008353},
{"learn":[0.2316512619],"iteration":610,"passed_time":1.824607737,"remaining_time":1.161656971},
{"learn":[0.2314024434],"iteration":611,"passed_time":1.828003183,"remaining_time":1.158930122},
{"learn":[0.2312554391],"iteration":612,"passed_time":1.830490238,"remaining_time":1.155627605},
{"learn":[0.2310304805],"iteration":613,"passed_time":1.832915641,"remaining_time":1.152288986},
{"learn":[0.2305520164],"iteration":614,"passed_time":1.835598137,"remaining_time":1.149114281},
{"learn":[0.2302300342],"iteration":615,"passed_time":1.838702139,"remaining_time":1.146203931},
{"learn":[0.230087356],"iteration":616,"passed_time":1.841273834,"remaining_time":1.142962526},
{"learn":[0.2297161486],"iteration":617,"passed_time":1.844061739,"remaining_time":1.139856933},
{"learn":[0.2295828257],"iteration":618,"passed_time":1.846902507,"remaining_time":1.136784903},
{"learn":[0.2294786871],"iteration":619,"passed_time":1.849658463,"remaining_time":1.133661638},
{"learn":[0.2292991978],"iteration":620,"passed_time":1.852275931,"remaining_time":1.130455037},
{"learn":[0.2289095445],"iteration":621,"passed_time":1.855769775,"remaining_time":1.127782918},
{"learn":[0.2287859934],"iteration":622,"passed_time":1.858749752,"remaining_time":1.124797201},
{"learn":[0.2286617401],"iteration":623,"passed_time":1.86117511,"remaining_time":1.12147731},
{"learn":[0.2284282675],"iteration":624,"passed_time":1.86386169,"remaining_time":1.118317014},
{"learn":[0.2282826215],"iteration":625,"passed_time":1.866799981,"remaining_time":1.115308615},
{"learn":[0.2280563742],"iteration":626,"passed_time":1.86965723,"remaining_time":1.112252228},
{"learn":[0.2277324444],"iteration":627,"passed_time":1.872246764,"remaining_time":1.109037892},
{"learn":[0.2274554188],"iteration":628,"passed_time":1.87539037,"remaining_time":1.106152349},
{"learn":[0.2271682259],"iteration":629,"passed_time":1.878211261,"remaining_time":1.103076455},
{"learn":[0.2270825157],"iteration":630,"passed_time":1.881110712,"remaining_time":1.10004731},
{"learn":[0.2268085571],"iteration":631,"passed_time":1.88391682,"remaining_time":1.096964224},
{"learn":[0.2266436169],"iteration":632,"passed_time":1.886727099,"remaining_time":1.093884432},
{"learn":[0.2264393199],"iteration":633,"passed_time":1.889905983,"remaining_time":1.09101828},
{"learn":[0.2262359296],"iteration":634,"passed_time":1.893683385,"remaining_time":1.088495174},
{"learn":[0.2259337273],"iteration":635,"passed_time":1.896533668,"remaining_time":1.085437508},
{"learn":[0.2256727254],"iteration":636,"passed_time":1.899264304,"remaining_time":1.082312311},
{"learn":[0.2254399747],"iteration":637,"passed_time":1.902067174,"remaining_time":1.079229337},
{"learn":[0.2251174337],"iteration":638,"passed_time":1.904975742,"remaining_time":1.076206953},
{"learn":[0.2249601329],"iteration":639,"passed_time":1.909905532,"remaining_time":1.074321862},
{"learn":[0.2248219074],"iteration":640,"passed_time":1.913098582,"remaining_time":1.071454588},
{"learn":[0.2246364002],"iteration":641,"passed_time":1.916038796,"remaining_time":1.06844531},
{"learn":[0.224366014],"iteration":642,"passed_time":1.919501343,"remaining_time":1.065726251},
{"learn":[0.2242397213],"iteration":643,"passed_time":1.923183391,"remaining_time":1.063126222},
{"learn":[0.2241178331],"iteration":644,"passed_time":1.925957335,"remaining_time":1.060023029},
{"learn":[0.2238745036],"iteration":645,"passed_time":1.92825052,"remaining_time":1.056657406},
{"learn":[0.2236270161],"iteration":646,"passed_time":1.932224157,"remaining_time":1.054211943},
{"learn":[0.2234619352],"iteration":647,"passed_time":1.935003752,"remaining_time":1.051113149},
{"learn":[0.2232248624],"iteration":648,"passed_time":1.937482087,"remaining_time":1.047852407},
{"learn":[0.2228742654],"iteration":649,"passed_time":1.940693338,"remaining_time":1.04498872},
{"learn":[0.2226047289],"iteration":650,"passed_time":1.943148823,"remaining_time":1.0417188},
{"learn":[0.2224054517],"iteration":651,"passed_time":1.946207629,"remaining_time":1.038773397},
{"learn":[0.2222528131],"iteration":652,"passed_time":1.949154472,"remaining_time":1.03576815},
{"learn":[0.2221011555],"iteration":653,"passed_time":1.951565157,"remaining_time":1.032479425},
{"learn":[0.2217996324],"iteration":654,"passed_time":1.953901693,"remaining_time":1.029154327},
{"learn":[0.2215497181],"iteration":655,"passed_time":1.956359809,"remaining_time":1.025895998},
{"learn":[0.2212550268],"iteration":656,"passed_time":1.959404892,"remaining_time":1.022946542},
{"learn":[0.2211585859],"iteration":657,"passed_time":1.961715894,"remaining_time":1.019615252},
{"learn":[0.2209874861],"iteration":658,"passed_time":1.964101693,"remaining_time":1.016325762},
{"learn":[0.2206836043],"iteration":659,"passed_time":1.966914139,"remaining_time":1.013258799},
{"learn":[0.2202996604],"iteration":660,"passed_time":1.969314114,"remaining_time":1.009981066},
{"learn":[0.2201617379],"iteration":661,"passed_time":1.97191067,"remaining_time":1.006806354},
{"learn":[0.2198742307],"iteration":662,"passed_time":1.976051486,"remaining_time":1.004418327},
{"learn":[0.2196144767],"iteration":663,"passed_time":1.979349894,"remaining_time":1.001598742},
{"learn":[0.2192711019],"iteration":664,"passed_time":1.982373603,"remaining_time":0.9986393338},
{"learn":[0.2190830635],"iteration":665,"passed_time":1.985318474,"remaining_time":0.9956401957},
{"learn":[0.2189181962],"iteration":666,"passed_time":1.987969263,"remaining_time":0.9924943997},
{"learn":[0.2187532366],"iteration":667,"passed_time":1.991273503,"remaining_time":0.9896748545},
{"learn":[0.2182635125],"iteration":668,"passed_time":1.993816314,"remaining_time":0.9864771298},
{"learn":[0.2180728893],"iteration":669,"passed_time":1.99633596,"remaining_time":0.9832699504},
{"learn":[0.2178736748],"iteration":670,"passed_time":1.999371181,"remaining_time":0.9803176131},
{"learn":[0.2177452293],"iteration":671,"passed_time":2.002248939,"remaining_time":0.9772881728},
{"learn":[0.2175009723],"iteration":672,"passed_time":2.005062665,"remaining_time":0.9742280706},
{"learn":[0.2172796224],"iteration":673,"passed_time":2.008102859,"remaining_time":0.9712782372},
{"learn":[0.2170656247],"iteration":674,"passed_time":2.010764435,"remaining_time":0.9681458391},
{"learn":[0.2167868447],"iteration":675,"passed_time":2.013211837,"remaining_time":0.9649121821},
{"learn":[0.2166122848],"iteration":676,"passed_time":2.016043869,"remaining_time":0.9618643572},
{"learn":[0.2165032182],"iteration":677,"passed_time":2.019289014,"remaining_time":0.9590133664},
{"learn":[0.2163417037],"iteration":678,"passed_time":2.021714046,"remaining_time":0.9557735031},
{"learn":[0.2160843496],"iteration":679,"passed_time":2.02519996,"remaining_time":0.9530352752},
{"learn":[0.2156627404],"iteration":680,"passed_time":2.027919757,"remaining_time":0.9499359802},
{"learn":[0.2152892287],"iteration":681,"passed_time":2.0303709,"remaining_time":0.946712531},
{"learn":[0.2148975911],"iteration":682,"passed_time":2.034423048,"remaining_time":0.9442344162},
{"learn":[0.2145101218],"iteration":683,"passed_time":2.036751977,"remaining_time":0.9409555916},
{"learn":[0.2141820169],"iteration":684,"passed_time":2.039224927,"remaining_time":0.9377457692},
{"learn":[0.2139392426],"iteration":685,"passed_time":2.041898472,"remaining_time":0.9346299128},
{"learn":[0.2137068978],"iteration":686,"passed_time":2.044197946,"remaining_time":0.9313449157},
{"learn":[0.2133992066],"iteration":687,"passed_time":2.047414965,"remaining_time":0.9284788794},
{"learn":[0.2132925762],"iteration":688,"passed_time":2.050709939,"remaining_time":0.9256470119},
{"learn":[0.2130893098],"iteration":689,"passed_time":2.053070192,"remaining_time":0.9223938543},
{"learn":[0.2129261866],"iteration":690,"passed_time":2.055444825,"remaining_time":0.9191497118},
{"learn":[0.2126893923],"iteration":691,"passed_time":2.05823073,"remaining_time":0.9160911343},
{"learn":[0.2124959621],"iteration":692,"passed_time":2.061580038,"remaining_time":0.9132829316},
{"learn":[0.2122114885],"iteration":693,"passed_time":2.064270301,"remaining_time":0.9101825822},
{"learn":[0.2120790209],"iteration":694,"passed_time":2.067011476,"remaining_time":0.9071057556},
{"learn":[0.2120149523],"iteration":695,"passed_time":2.070238442,"remaining_time":0.904242078},
{"learn":[0.2118093011],"iteration":696,"passed_time":2.073017741,"remaining_time":0.9011827482},
{"learn":[0.2116096292],"iteration":697,"passed_time":2.076517652,"remaining_time":0.898436004},
{"learn":[0.2114243176],"iteration":698,"passed_time":2.079354675,"remaining_time":0.8954016556},
{"learn":[0.2112089575],"iteration":699,"passed_time":2.08245233,"remaining_time":0.8924795698},
{"learn":[0.2111532519],"iteration":700,"passed_time":2.085397938,"remaining_time":0.8894921304},
{"learn":[0.2109919374],"iteration":701,"passed_time":2.088510385,"remaining_time":0.8865756334},
{"learn":[0.2108507414],"iteration":702,"passed_time":2.092014676,"remaining_time":0.8838241235},
{"learn":[0.2106854592],"iteration":703,"passed_time":2.095101749,"remaining_time":0.8808950536},
{"learn":[0.2104674001],"iteration":704,"passed_time":2.098004968,"remaining_time":0.8778886035},
{"learn":[0.210293954],"iteration":705,"passed_time":2.100563563,"remaining_time":0.8747389342},
{"learn":[0.2101481758],"iteration":706,"passed_time":2.104117811,"remaining_time":0.8720035624},
{"learn":[0.2099949717],"iteration":707,"passed_time":2.107427691,"remaining_time":0.8691650927},
{"learn":[0.2098335682],"iteration":708,"passed_time":2.109712165,"remaining_time":0.8659044288},
{"learn":[0.2096873802],"iteration":709,"passed_time":2.112035597,"remaining_time":0.8626624268},
{"learn":[0.2095412164],"iteration":710,"passed_time":2.114584382,"remaining_time":0.8595146081},
{"learn":[0.2092045397],"iteration":711,"passed_time":2.117611739,"remaining_time":0.8565620519},
{"learn":[0.2090933668],"iteration":712,"passed_time":2.120059762,"remaining_time":0.8533760891},
{"learn":[0.2088001296],"iteration":713,"passed_time":2.122565937,"remaining_time":0.8502154872},
{"learn":[0.208449305],"iteration":714,"passed_time":2.125559175,"remaining_time":0.8472508598},
{"learn":[0.2083059559],"iteration":715,"passed_time":2.128001801,"remaining_time":0.8440677535},
{"learn":[0.2081595973],"iteration":716,"passed_time":2.130753559,"remaining_time":0.8410087268},
{"learn":[0.2080421668],"iteration":717,"passed_time":2.13311129,"remaining_time":0.837795799},
{"learn":[0.2078932946],"iteration":718,"passed_time":2.135501267,"remaining_time":0.8345978526},
{"learn":[0.2076833391],"iteration":719,"passed_time":2.138019607,"remaining_time":0.8314520694},
{"learn":[0.2073017191],"iteration":720,"passed_time":2.140325345,"remaining_time":0.8282257575},
{"learn":[0.2070021929],"iteration":721,"passed_time":2.142663689,"remaining_time":0.8250145506},
{"learn":[0.2068159533],"iteration":722,"passed_time":2.145112197,"remaining_time":0.8218479647},
{"learn":[0.2066007769],"iteration":723,"passed_time":2.148236798,"remaining_time":0.8189410998},
{"learn":[0.2063996474],"iteration":724,"passed_time":2.150537595,"remaining_time":0.8157211566},
{"learn":[0.2061337978],"iteration":725,"passed_time":2.152863791,"remaining_time":0.8125133315},
{"learn":[0.2058791247],"iteration":726,"passed_time":2.155382694,"remaining_time":0.8093802963},
{"learn":[0.2057316952],"iteration":727,"passed_time":2.15778518,"remaining_time":0.8062054519},
{"learn":[0.2056237812],"iteration":728,"passed_time":2.160401876,"remaining_time":0.8031123572},
{"learn":[0.2054547582],"iteration":729,"passed_time":2.162695856,"remaining_time":0.799901207},
{"learn":[0.2052565023],"iteration":730,"passed_time":2.16520933,"remaining_time":0.7967733377},
{"learn":[0.2048986509],"iteration":731,"passed_time":2.167572545,"remaining_time":0.793592134},
{"learn":[0.2046560436],"iteration":732,"passed_time":2.17047595,"remaining_time":0.7906099301},
{"learn":[0.2045623719],"iteration":733,"passed_time":2.172915747,"remaining_time":0.7874599299},
{"learn":[0.2043697745],"iteration":734,"passed_time":2.17569216,"remaining_time":0.7844332276},
{"learn":[0.2041757116],"iteration":735,"passed_time":2.178502152,"remaining_time":0.7814192502},
{"learn":[0.2039913211],"iteration":736,"passed_time":2.180857225,"remaining_time":0.7782434873},
{"learn":[0.2038074643],"iteration":737,"passed_time":2.183213374,"remaining_time":0.7750703307},
{"learn":[0.2035098896],"iteration":738,"passed_time":2.185590355,"remaining_time":0.7719067425},
{"learn":[0.203323845],"iteration":739,"passed_time":2.188016538,"remaining_time":0.7687625675},
{"learn":[0.2029333596],"iteration":740,"passed_time":2.190395986,"remaining_time":0.7656039953},
{"learn":[0.2027898929],"iteration":741,"passed_time":2.192743085,"remaining_time":0.7624362748},
{"learn":[0.2025361291],"iteration":742,"passed_time":2.195226492,"remaining_time":0.7593179118},
{"learn":[0.2021934794],"iteration":743,"passed_time":2.197558132,"remaining_time":0.7561490346},
{"learn":[0.2019599403],"iteration":744,"passed_time":2.19992722,"remaining_time":0.7529952229},
{"learn":[0.2017182195],"iteration":745,"passed_time":2.202536725,"remaining_time":0.749925373},
{"learn":[0.2014850364],"iteration":746,"passed_time":2.205044997,"remaining_time":0.7468224687},
{"learn":[0.2014371663],"iteration":747,"passed_time":2.20732204,"remaining_time":0.7436432541},
{"learn":[0.2012692601],"iteration":748,"passed_time":2.210365341,"remaining_time":0.7407232316},
{"learn":[0.2011148418],"iteration":749,"passed_time":2.213819442,"remaining_time":0.7379398141},
{"learn":[0.200992459],"iteration":750,"passed_time":2.216541251,"remaining_time":0.734911813},
{"learn":[0.200786757],"iteration":751,"passed_time":2.220229441,"remaining_time":0.7322033264},
{"learn":[0.2003475155],"iteration":752,"passed_time":2.223409774,"remaining_time":0.7293256495},
{"learn":[0.2000686419],"iteration":753,"passed_time":2.226930546,"remaining_time":0.7265582419},
{"learn":[0.1999495935],"iteration":754,"passed_time":2.231176128,"remaining_time":0.7240240415},
{"learn":[0.1996316999],"iteration":755,"passed_time":2.234031323,"remaining_time":0.7210365645},
{"learn":[0.1994179901],"iteration":756,"passed_time":2.2372805,"remaining_time":0.7181759069},
{"learn":[0.1992798496],"iteration":757,"passed_time":2.240807301,"remaining_time":0.7154028588},
{"learn":[0.1990409998],"iteration":758,"passed_time":2.243862824,"remaining_time":0.7124781826},
{"learn":[0.1989152011],"iteration":759,"passed_time":2.246520286,"remaining_time":0.7094274588},
{"learn":[0.19850897],"iteration":760,"passed_time":2.248962749,"remaining_time":0.7063102456},
{"learn":[0.1983156696],"iteration":761,"passed_time":2.25145013,"remaining_time":0.7032088334},
{"learn":[0.198195249],"iteration":762,"passed_time":2.25378833,"remaining_time":0.7000626922},
{"learn":[0.1980693955],"iteration":763,"passed_time":2.256456858,"remaining_time":0.6970207048},
{"learn":[0.1978902441],"iteration":764,"passed_time":2.260183776,"remaining_time":0.6943048201},
{"learn":[0.1976849911],"iteration":765,"passed_time":2.26290045,"remaining_time":0.6912776831},
{"learn":[0.1975613833],"iteration":766,"passed_time":2.265291918,"remaining_time":0.6881525645},
{"learn":[0.1973692467],"iteration":767,"passed_time":2.268588092,"remaining_time":0.6853026526},
{"learn":[0.1971809679],"iteration":768,"passed_time":2.270980828,"remaining_time":0.6821801968},
{"learn":[0.1970043649],"iteration":769,"passed_time":2.274223083,"remaining_time":0.6793133884},
{"learn":[0.1968950711],"iteration":770,"passed_time":2.277478067,"remaining_time":0.6764493868},
{"learn":[0.1966608587],"iteration":771,"passed_time":2.280099474,"remaining_time":0.6733972539},
{"learn":[0.1963715614],"iteration":772,"passed_time":2.282536619,"remaining_time":0.6702921249},
{"learn":[0.1961445503],"iteration":773,"passed_time":2.285408219,"remaining_time":0.6673155783},
{"learn":[0.1959377518],"iteration":774,"passed_time":2.288239467,"remaining_time":0.6643275872},
{"learn":[0.1956084772],"iteration":775,"passed_time":2.290584007,"remaining_time":0.6611995073},
{"learn":[0.1953435932],"iteration":776,"passed_time":2.292971802,"remaining_time":0.6580858582},
{"learn":[0.1951444026],"iteration":777,"passed_time":2.295363598,"remaining_time":0.6549752168},
{"learn":[0.1948752965],"iteration":778,"passed_time":2.298759779,"remaining_time":0.6521513623},
{"learn":[0.194708613],"iteration":779,"passed_time":2.303182796,"remaining_time":0.6496156605},
{"learn":[0.1945881482],"iteration":780,"passed_time":2.305593394,"remaining_time":0.6465108238},
{"learn":[0.1943650517],"iteration":781,"passed_time":2.308076358,"remaining_time":0.643427936},
{"learn":[0.1941349615],"iteration":782,"passed_time":2.310560618,"remaining_time":0.6403469402},
{"learn":[0.1939423715],"iteration":783,"passed_time":2.312868419,"remaining_time":0.6372188503},
{"learn":[0.1937110225],"iteration":784,"passed_time":2.316347319,"remaining_time":0.634413597},
{"learn":[0.1935453516],"iteration":785,"passed_time":2.319316725,"remaining_time":0.6314679124},
{"learn":[0.1932761291],"iteration":786,"passed_time":2.321860622,"remaining_time":0.6284070045},
{"learn":[0.1930653753],"iteration":787,"passed_time":2.324211805,"remaining_time":0.6252955619},
{"learn":[0.1929093546],"iteration":788,"passed_time":2.326688716,"remaining_time":0.6222196693},
{"learn":[0.1926927342],"iteration":789,"passed_time":2.329273378,"remaining_time":0.6191739359},
{"learn":[0.1923314359],"iteration":790,"passed_time":2.331638413,"remaining_time":0.6160713381},
{"learn":[0.1921742536],"iteration":791,"passed_time":2.334157776,"remaining_time":0.6130111332},
{"learn":[0.1919278524],"iteration":792,"passed_time":2.336920129,"remaining_time":0.6100157209},
{"learn":[0.1917054608],"iteration":793,"passed_time":2.339312314,"remaining_time":0.6069248572},
{"learn":[0.191564683],"iteration":794,"passed_time":2.341771526,"remaining_time":0.603853035},
{"learn":[0.1914562739],"iteration":795,"passed_time":2.344333496,"remaining_time":0.600809087},
{"learn":[0.19132858],"iteration":796,"passed_time":2.346919592,"remaining_time":0.5977724934},
{"learn":[0.1912932631],"iteration":797,"passed_time":2.349317172,"remaining_time":0.5946893091},
{"learn":[0.191091083],"iteration":798,"passed_time":2.352007611,"remaining_time":0.5916815141},
{"learn":[0.1909284572],"iteration":799,"passed_time":2.354385408,"remaining_time":0.5885963519},
{"learn":[0.1908568618],"iteration":800,"passed_time":2.356773722,"remaining_time":0.5855155689},
{"learn":[0.1905838679],"iteration":801,"passed_time":2.359404453,"remaining_time":0.5824963612},
{"learn":[0.1902406095],"iteration":802,"passed_time":2.361838609,"remaining_time":0.5794298953},
{"learn":[0.1899970325],"iteration":803,"passed_time":2.364156502,"remaining_time":0.5763366597},
{"learn":[0.1897752651],"iteration":804,"passed_time":2.36655428,"remaining_time":0.5732647015},
{"learn":[0.1895543416],"iteration":805,"passed_time":2.369651798,"remaining_time":0.5703628398},
{"learn":[0.1894097916],"iteration":806,"passed_time":2.372458971,"remaining_time":0.5673910549},
{"learn":[0.1891157685],"iteration":807,"passed_time":2.375308205,"remaining_time":0.5644296725},
{"learn":[0.1889685914],"iteration":808,"passed_time":2.378464917,"remaining_time":0.5615411609},
{"learn":[0.1888330213],"iteration":809,"passed_time":2.381277878,"remaining_time":0.5585713541},
{"learn":[0.1886024786],"iteration":810,"passed_time":2.384698413,"remaining_time":0.5557435265},
{"learn":[0.1884150123],"iteration":811,"passed_time":2.388576135,"remaining_time":0.5530200903},
{"learn":[0.1881905628],"iteration":812,"passed_time":2.391655612,"remaining_time":0.5501102084},
{"learn":[0.1879565716],"iteration":813,"passed_time":2.394091936,"remaining_time":0.5470529486},
{"learn":[0.1876408612],"iteration":814,"passed_time":2.396445959,"remaining_time":0.5439785306},
{"learn":[0.1874653899],"iteration":815,"passed_time":2.399318031,"remaining_time":0.5410226932},
{"learn":[0.1872671642],"iteration":816,"passed_time":2.402153505,"remaining_time":0.5380588635},
{"learn":[0.1869923737],"iteration":817,"passed_time":2.40491271,"remaining_time":0.5350783781},
{"learn":[0.1868119709],"iteration":818,"passed_time":2.408748213,"remaining_time":0.5323362961},
{"learn":[0.1867772614],"iteration":819,"passed_time":2.412274518,"remaining_time":0.5295236748},
{"learn":[0.1865178668],"iteration":820,"passed_time":2.416580177,"remaining_time":0.5268792346},
{"learn":[0.1863274966],"iteration":821,"passed_time":2.419884086,"remaining_time":0.5240138287},
{"learn":[0.1861053018],"iteration":822,"passed_time":2.422674373,"remaining_time":0.5210368943},
{"learn":[0.1857928713],"iteration":823,"passed_time":2.425447983,"remaining_time":0.5180568507},
{"learn":[0.1855014949],"iteration":824,"passed_time":2.42821609,"remaining_time":0.5150761402},
{"learn":[0.1853317195],"iteration":825,"passed_time":2.43211381,"remaining_time":0.5123339019},
{"learn":[0.1852417978],"iteration":826,"passed_time":2.434443955,"remaining_time":0.5092609483},
{"learn":[0.1849951781],"iteration":827,"passed_time":2.436913155,"remaining_time":0.5062186748},
{"learn":[0.1848159917],"iteration":828,"passed_time":2.439863439,"remaining_time":0.5032770182},
{"learn":[0.1847662017],"iteration":829,"passed_time":2.443505439,"remaining_time":0.5004770176},
{"learn":[0.1846264654],"iteration":830,"passed_time":2.447120186,"remaining_time":0.4976694481},
{"learn":[0.1843530775],"iteration":831,"passed_time":2.453317165,"remaining_time":0.4953813507},
{"learn":[0.1842320625],"iteration":832,"passed_time":2.456736913,"remaining_time":0.4925270882},
{"learn":[0.1841280222],"iteration":833,"passed_time":2.459854091,"remaining_time":0.489611246},
{"learn":[0.1837913162],"iteration":834,"passed_time":2.462896376,"remaining_time":0.4866801222},
{"learn":[0.1837200135],"iteration":835,"passed_time":2.465703429,"remaining_time":0.4837025866},
{"learn":[0.1834263801],"iteration":836,"passed_time":2.468317381,"remaining_time":0.4806878531},
{"learn":[0.1831932527],"iteration":837,"passed_time":2.471729136,"remaining_time":0.4778283055},
{"learn":[0.1831553928],"iteration":838,"passed_time":2.474666987,"remaining_time":0.4748765017},
{"learn":[0.1829708862],"iteration":839,"passed_time":2.477076841,"remaining_time":0.4718241602},
{"learn":[0.1827253848],"iteration":840,"passed_time":2.479462581,"remaining_time":0.4687687876},
{"learn":[0.182546576],"iteration":841,"passed_time":2.48297024,"remaining_time":0.4659255319},
{"learn":[0.1823369907],"iteration":842,"passed_time":2.486582734,"remaining_time":0.4631002245},
{"learn":[0.1822397465],"iteration":843,"passed_time":2.489587962,"remaining_time":0.4601608081},
{"learn":[0.1821151463],"iteration":844,"passed_time":2.492223397,"remaining_time":0.4571534042},
{"learn":[0.1818702168],"iteration":845,"passed_time":2.494688131,"remaining_time":0.4541158064},
{"learn":[0.1815990892],"iteration":846,"passed_time":2.497066123,"remaining_time":0.4510638924},
{"learn":[0.1813728626],"iteration":847,"passed_time":2.50019709,"remaining_time":0.448148535},
{"learn":[0.1812111],"iteration":848,"passed_time":2.502536638,"remaining_time":0.4450919109},
{"learn":[0.1810692042],"iteration":849,"passed_time":2.504899715,"remaining_time":0.4420411262},
{"learn":[0.1808930314],"iteration":850,"passed_time":2.507723375,"remaining_time":0.4390726003},
{"learn":[0.1806511111],"iteration":851,"passed_time":2.510944944,"remaining_time":0.4361735349},
{"learn":[0.1805508188],"iteration":852,"passed_time":2.513878823,"remaining_time":0.4332241348},
{"learn":[0.1802441271],"iteration":853,"passed_time":2.516247787,"remaining_time":0.4301781931},
{"learn":[0.1801095605],"iteration":854,"passed_time":2.518594737,"remaining_time":0.4271301016},
{"learn":[0.1799403262],"iteration":855,"passed_time":2.521092242,"remaining_time":0.4241089753},
{"learn":[0.1798115239],"iteration":856,"passed_time":2.52384635,"remaining_time":0.421131888},
{"learn":[0.1797222926],"iteration":857,"passed_time":2.526206366,"remaining_time":0.4180900978},
{"learn":[0.1796548642],"iteration":858,"passed_time":2.529070108,"remaining_time":0.4151325788},
{"learn":[0.179460207],"iteration":859,"passed_time":2.53170081,"remaining_time":0.4121373412},
{"learn":[0.1793428159],"iteration":860,"passed_time":2.534104568,"remaining_time":0.4091063123},
{"learn":[0.1791452739],"iteration":861,"passed_time":2.536440341,"remaining_time":0.4060658551},
{"learn":[0.1789781136],"iteration":862,"passed_time":2.539810697,"remaining_time":0.4031912694},
{"learn":[0.1788263502],"iteration":863,"passed_time":2.543608507,"remaining_time":0.4003828205},
{"learn":[0.1784752697],"iteration":864,"passed_time":2.548485799,"remaining_time":0.3977405582},
{"learn":[0.1783111017],"iteration":865,"passed_time":2.551364683,"remaining_time":0.3947839117},
{"learn":[0.1780857006],"iteration":866,"passed_time":2.554132439,"remaining_time":0.3918103972},
{"learn":[0.1777869559],"iteration":867,"passed_time":2.556923634,"remaining_time":0.3888409214},
{"learn":[0.1776616714],"iteration":868,"passed_time":2.56030142,"remaining_time":0.3859602831},
{"learn":[0.1774677078],"iteration":869,"passed_time":2.56421164,"remaining_time":0.3831580611},
{"learn":[0.177171171],"iteration":870,"passed_time":2.567035343,"remaining_time":0.3801923756},
{"learn":[0.1769803694],"iteration":871,"passed_time":2.570436435,"remaining_time":0.3773117703},
{"learn":[0.1767984081],"iteration":872,"passed_time":2.573673591,"remaining_time":0.3744061238},
{"learn":[0.1765625897],"iteration":873,"passed_time":2.579897441,"remaining_time":0.3719302947},
{"learn":[0.1764245213],"iteration":874,"passed_time":2.5823334,"remaining_time":0.3689047714},
{"learn":[0.1762645139],"iteration":875,"passed_time":2.586310106,"remaining_time":0.3660986908},
{"learn":[0.1760169866],"iteration":876,"passed_time":2.589649907,"remaining_time":0.3632006141},
{"learn":[0.1758054466],"iteration":877,"passed_time":2.592111358,"remaining_time":0.3601794825},
{"learn":[0.1756030129],"iteration":878,"passed_time":2.594513653,"remaining_time":0.3571514812},
{"learn":[0.1753996032],"iteration":879,"passed_time":2.597867793,"remaining_time":0.354254699},
{"learn":[0.175171704],"iteration":880,"passed_time":2.60083373,"remaining_time":0.3513044426},
{"learn":[0.1750948679],"iteration":881,"passed_time":2.60329414,"remaining_time":0.3482865176},
{"learn":[0.1749088767],"iteration":882,"passed_time":2.606242591,"remaining_time":0.3453345222},
{"learn":[0.1747704368],"iteration":883,"passed_time":2.609232144,"remaining_time":0.3423879285},
{"learn":[0.1746203581],"iteration":884,"passed_time":2.612250625,"remaining_time":0.3394449964},
{"learn":[0.1743777269],"iteration":885,"passed_time":2.614750212,"remaining_time":0.3364351288},
{"learn":[0.1741709531],"iteration":886,"passed_time":2.617237652,"remaining_time":0.3334248643},
{"learn":[0.173976991],"iteration":887,"passed_time":2.619718886,"remaining_time":0.3304149947},
{"learn":[0.1736623801],"iteration":888,"passed_time":2.622085538,"remaining_time":0.3273920076},
{"learn":[0.1735674914],"iteration":889,"passed_time":2.624801585,"remaining_time":0.324413679},
{"learn":[0.1734548452],"iteration":890,"passed_time":2.627302967,"remaining_time":0.3214096783},
{"learn":[0.1731826021],"iteration":891,"passed_time":2.629807763,"remaining_time":0.3184072179},
{"learn":[0.1730947649],"iteration":892,"passed_time":2.632202548,"remaining_time":0.3153926905},
{"learn":[0.1729256626],"iteration":893,"passed_time":2.634570286,"remaining_time":0.3123763426},
{"learn":[0.1729045836],"iteration":894,"passed_time":2.637101245,"remaining_time":0.3093805929},
{"learn":[0.1726838211],"iteration":895,"passed_time":2.639535113,"remaining_time":0.3063746113},
{"learn":[0.1724660076],"iteration":896,"passed_time":2.641980152,"remaining_time":0.3033711881},
{"learn":[0.1723270611],"iteration":897,"passed_time":2.644438928,"remaining_time":0.3003705686},
{"learn":[0.1722186493],"iteration":898,"passed_time":2.647186214,"remaining_time":0.2974035679},
{"learn":[0.1721884074],"iteration":899,"passed_time":2.649476891,"remaining_time":0.2943863212},
{"learn":[0.1721184053],"iteration":900,"passed_time":2.652024885,"remaining_time":0.2913989607},
{"learn":[0.1718719923],"iteration":901,"passed_time":2.655823742,"remaining_time":0.2885484775},
{"learn":[0.1717602215],"iteration":902,"passed_time":2.658923054,"remaining_time":0.2856207489},
{"learn":[0.1716122386],"iteration":903,"passed_time":2.662001053,"remaining_time":0.2826903773},
{"learn":[0.1713320523],"iteration":904,"passed_time":2.664861553,"remaining_time":0.2797368482},
{"learn":[0.1710209781],"iteration":905,"passed_time":2.668080601,"remaining_time":0.2768207246},
{"learn":[0.1709175129],"iteration":906,"passed_time":2.670664491,"remaining_time":0.2738388067},
{"learn":[0.1707639236],"iteration":907,"passed_time":2.6731835,"remaining_time":0.2708511916},
{"learn":[0.1706004545],"iteration":908,"passed_time":2.675472566,"remaining_time":0.267841588},
{"learn":[0.1703445325],"iteration":909,"passed_time":2.678232076,"remaining_time":0.2648800954},
{"learn":[0.170126652],"iteration":910,"passed_time":2.681152695,"remaining_time":0.2619347858},
{"learn":[0.1699206061],"iteration":911,"passed_time":2.684239679,"remaining_time":0.2590055831},
{"learn":[0.1698211326],"iteration":912,"passed_time":2.687034989,"remaining_time":0.256048241},
{"learn":[0.1696524387],"iteration":913,"passed_time":2.689820816,"remaining_time":0.2530903613},
{"learn":[0.1695377716],"iteration":914,"passed_time":2.692141559,"remaining_time":0.2500896531},
{"learn":[0.1695213133],"iteration":915,"passed_time":2.695229776,"remaining_time":0.2471608091},
{"learn":[0.1694027214],"iteration":916,"passed_time":2.698428248,"remaining_time":0.2442415972},
{"learn":[0.1692758058],"iteration":917,"passed_time":2.70128932,"remaining_time":0.2412916386},
{"learn":[0.1690112558],"iteration":918,"passed_time":2.704979384,"remaining_time":0.2384149402},
{"learn":[0.1688584241],"iteration":919,"passed_time":2.710110912,"remaining_time":0.2356618184},
{"learn":[0.1686893619],"iteration":920,"passed_time":2.716480953,"remaining_time":0.2330097668},
{"learn":[0.1686063717],"iteration":921,"passed_time":2.720262191,"remaining_time":0.2301306409},
{"learn":[0.1683825441],"iteration":922,"passed_time":2.72358508,"remaining_time":0.2272113231},
{"learn":[0.1682874521],"iteration":923,"passed_time":2.727027137,"remaining_time":0.2243009334},
{"learn":[0.1681063285],"iteration":924,"passed_time":2.732117109,"remaining_time":0.2215230089},
{"learn":[0.1680406399],"iteration":925,"passed_time":2.735491075,"remaining_time":0.2186029584},
{"learn":[0.167860442],"iteration":926,"passed_time":2.738915146,"remaining_time":0.2156858745},
{"learn":[0.1675977908],"iteration":927,"passed_time":2.743827799,"remaining_time":0.2128831913},
{"learn":[0.1672899996],"iteration":928,"passed_time":2.747984324,"remaining_time":0.2100181776},
{"learn":[0.1669851461],"iteration":929,"passed_time":2.750568794,"remaining_time":0.2070320597},
{"learn":[0.1667950007],"iteration":930,"passed_time":2.7535418,"remaining_time":0.2040756007},
{"learn":[0.1665974325],"iteration":931,"passed_time":2.756930344,"remaining_time":0.2011494242},
{"learn":[0.1664660578],"iteration":932,"passed_time":2.759789816,"remaining_time":0.1981842633},
{"learn":[0.1664003422],"iteration":933,"passed_time":2.7628494,"remaining_time":0.1952334694},
{"learn":[0.1663009134],"iteration":934,"passed_time":2.766005234,"remaining_time":0.1922891339},
{"learn":[0.1660331012],"iteration":935,"passed_time":2.769440505,"remaining_time":0.1893634533},
{"learn":[0.1658267281],"iteration":936,"passed_time":2.772297532,"remaining_time":0.1863978063},
{"learn":[0.1655701799],"iteration":937,"passed_time":2.774796776,"remaining_time":0.1834087421},
{"learn":[0.165316844],"iteration":938,"passed_time":2.777685701,"remaining_time":0.180446036},
{"learn":[0.1651539009],"iteration":939,"passed_time":2.780123797,"remaining_time":0.1774547104},
{"learn":[0.1649470823],"iteration":940,"passed_time":2.783130498,"remaining_time":0.1745002119},
{"learn":[0.1647710618],"iteration":941,"passed_time":2.786312678,"remaining_time":0.1715564069},
{"learn":[0.1645274651],"iteration":942,"passed_time":2.788998919,"remaining_time":0.1685821192},
{"learn":[0.1643028861],"iteration":943,"passed_time":2.791807867,"remaining_time":0.1656157209},
{"learn":[0.1640398635],"iteration":944,"passed_time":2.794937367,"remaining_time":0.1626683123},
{"learn":[0.1638012724],"iteration":945,"passed_time":2.799836381,"remaining_time":0.159821527},
{"learn":[0.1635828749],"iteration":946,"passed_time":2.803722616,"remaining_time":0.1569137261},
{"learn":[0.1634752077],"iteration":947,"passed_time":2.806439007,"remaining_time":0.1539396924},
{"learn":[0.1631532238],"iteration":948,"passed_time":2.808990965,"remaining_time":0.1509573648},
{"learn":[0.1629849015],"iteration":949,"passed_time":2.811807025,"remaining_time":0.1479898434},
{"learn":[0.1626504399],"iteration":950,"passed_time":2.814889733,"remaining_time":0.1450363795},
{"learn":[0.1624179998],"iteration":951,"passed_time":2.817551666,"remaining_time":0.1420614285},
{"learn":[0.1622777988],"iteration":952,"passed_time":2.820287861,"remaining_time":0.1390907969},
{"learn":[0.1620424451],"iteration":953,"passed_time":2.822702585,"remaining_time":0.1361051561},
{"learn":[0.1620025926],"iteration":954,"passed_time":2.825190245,"remaining_time":0.1331241477},
{"learn":[0.1618562357],"iteration":955,"passed_time":2.829026973,"remaining_time":0.1302062624},
{"learn":[0.1615978618],"iteration":956,"passed_time":2.831470036,"remaining_time":0.1272238365},
{"learn":[0.1615779752],"iteration":957,"passed_time":2.834039721,"remaining_time":0.124248088},
{"learn":[0.1614660752],"iteration":958,"passed_time":2.837339115,"remaining_time":0.1213043834},
{"learn":[0.1612359881],"iteration":959,"passed_time":2.840025328,"remaining_time":0.1183343887},
{"learn":[0.1610939018],"iteration":960,"passed_time":2.844299559,"remaining_time":0.1154294306},
{"learn":[0.1609299018],"iteration":961,"passed_time":2.84873972,"remaining_time":0.1125281802},
{"learn":[0.1607228468],"iteration":962,"passed_time":2.851277021,"remaining_time":0.1095506228},
{"learn":[0.1606622486],"iteration":963,"passed_time":2.853881322,"remaining_time":0.1065764809},
{"learn":[0.1606508228],"iteration":964,"passed_time":2.857748998,"remaining_time":0.1036489274},
{"learn":[0.1604727663],"iteration":965,"passed_time":2.860665451,"remaining_time":0.1006859476},
{"learn":[0.1602901455],"iteration":966,"passed_time":2.863090284,"remaining_time":0.09770628683},
{"learn":[0.160184875],"iteration":967,"passed_time":2.8655499,"remaining_time":0.09472892232},
{"learn":[0.1600387081],"iteration":968,"passed_time":2.869814203,"remaining_time":0.09181036151},
{"learn":[0.1597588892],"iteration":969,"passed_time":2.873206929,"remaining_time":0.08886206997},
{"learn":[0.1596209552],"iteration":970,"passed_time":2.876622969,"remaining_time":0.08591355933},
{"learn":[0.1594890375],"iteration":971,"passed_time":2.879992933,"remaining_time":0.0829627594},
{"learn":[0.1594074264],"iteration":972,"passed_time":2.884319839,"remaining_time":0.08003765227},
{"learn":[0.1593090113],"iteration":973,"passed_time":2.891144579,"remaining_time":0.077176344},
{"learn":[0.1589575054],"iteration":974,"passed_time":2.89426678,"remaining_time":0.07421196871},
{"learn":[0.1588026932],"iteration":975,"passed_time":2.896914243,"remaining_time":0.07123559614},
{"learn":[0.1586924498],"iteration":976,"passed_time":2.901070657,"remaining_time":0.06829541976},
{"learn":[0.1586042894],"iteration":977,"passed_time":2.903494418,"remaining_time":0.06531378036},
{"learn":[0.1583716789],"iteration":978,"passed_time":2.90640926,"remaining_time":0.06234381457},
{"learn":[0.1582365895],"iteration":979,"passed_time":2.909560194,"remaining_time":0.05937877946},
{"learn":[0.1581079641],"iteration":980,"passed_time":2.912116776,"remaining_time":0.05640185397},
{"learn":[0.157991489],"iteration":981,"passed_time":2.914694583,"remaining_time":0.05342617361},
{"learn":[0.1578609426],"iteration":982,"passed_time":2.917125364,"remaining_time":0.0504487601},
{"learn":[0.1578429409],"iteration":983,"passed_time":2.919940059,"remaining_time":0.04747870014},
{"learn":[0.1576405857],"iteration":984,"passed_time":2.922724243,"remaining_time":0.04450849102},
{"learn":[0.1574269143],"iteration":985,"passed_time":2.925262167,"remaining_time":0.04153516261},
{"learn":[0.1572452546],"iteration":986,"passed_time":2.928160029,"remaining_time":0.03856745732},
{"learn":[0.157130609],"iteration":987,"passed_time":2.930677505,"remaining_time":0.03559527334},
{"learn":[0.1569823505],"iteration":988,"passed_time":2.933159522,"remaining_time":0.03262361451},
{"learn":[0.1569028758],"iteration":989,"passed_time":2.935855601,"remaining_time":0.02965510708},
{"learn":[0.1567264712],"iteration":990,"passed_time":2.938420461,"remaining_time":0.02668595777},
{"learn":[0.1565763129],"iteration":991,"passed_time":2.940788911,"remaining_time":0.0237160396},
{"learn":[0.1564555366],"iteration":992,"passed_time":2.943569163,"remaining_time":0.02075023579},
{"learn":[0.1562991047],"iteration":993,"passed_time":2.946032092,"remaining_time":0.01778288989},
{"learn":[0.156045951],"iteration":994,"passed_time":2.948471349,"remaining_time":0.01481643894},
{"learn":[0.1558855467],"iteration":995,"passed_time":2.951193224,"remaining_time":0.01185218162},
{"learn":[0.1557616838],"iteration":996,"passed_time":2.953637591,"remaining_time":0.0088875755},
{"learn":[0.1555492607],"iteration":997,"passed_time":2.956923632,"remaining_time":0.005925698662},
{"learn":[0.1552984192],"iteration":998,"passed_time":2.959738585,"remaining_time":0.002962701286},
{"learn":[0.1552607178],"iteration":999,"passed_time":2.962808583,"remaining_time":0}
]}